{"mainApp":{"isActive":true,"_id":"60d1c090d6477d0004b5f9d7","name":"Metis Vax","namespace":"vaxmetis","label":"Metis Vax","template":" ","iconLink":"none","description":"asd","preloadURLS":[{"isActive":false,"_id":"60d4947bb021200004cb5ede","name":"none","url":"none","rank":1,"topic":"vaxmetis-none"}],"rank":1},"success":true,"microApps":[{"isActive":true,"isGroup":false,"_id":"60d4947cb021200004cb5ee0","name":"metis","routePath":"vaxmetis-metis","url":"http://localhost:8201/main.js","label":"Metis App","isLandingPage":true,"isNavbar":false,"apiUrl":"none","groupName":"","mainApp":"60d1c090d6477d0004b5f9d7","rank":1},{"isActive":true,"isGroup":false,"_id":"60d4947cb021200004cb5ee1","name":"anomaly","routePath":"vaxmetis-anomaly","url":"http://localhost:4203/main.js","label":"Anomaly","isLandingPage":false,"isNavbar":false,"apiUrl":"none","groupName":"","mainApp":"60d1c090d6477d0004b5f9d7","rank":3}]}