[{"isActive":true,"isGroup":false,"_id":"60c3699ffcaf400004eb5883","name":"nav","routePath":"vaxl-nav","url":"http://localhost:4201/main.js","label":"Navbar","isLandingPage":false,"isNavbar":true,"apiUrl":"http://localhost:5000/api","groupName":"","mainApp":"60c2fbee25fdf7510c22af03","rank":1},{"isActive":true,"isGroup":false,"_id":"60c3699ffcaf400004eb5884","name":"anomaly","routePath":"vaxl-anomaly","url":"http://localhost:4203/main.js","label":"Anomaly","isLandingPage":true,"isNavbar":false,"apiUrl":"http://localhost:5000/api","groupName":"","mainApp":"60c2fbee25fdf7510c22af03","rank":2},{"isActive":true,"isGroup":true,"_id":"60c3699ffcaf400004eb5885","name":"sidenav","routePath":"vaxl-monitor/sidenav","url":"http://localhost:4204/main.js","label":"side nav","isLandingPage":false,"isNavbar":true,"apiUrl":"http://localhost:5000/api","groupName":"monitor","mainApp":"60c2fbee25fdf7510c22af03","rank":3},{"isActive":true,"isGroup":true,"_id":"60c3699ffcaf400004eb5886","name":"alarm1","routePath":"vaxl-monitor/alarm1","url":"http://localhost:4205/main.js","label":"Alarm1 Management","isLandingPage":true,"isNavbar":false,"apiUrl":"http://localhost:5000/api","groupName":"monitor","mainApp":"60c2fbee25fdf7510c22af03","rank":4},{"isActive":true,"isGroup":true,"_id":"60c3699ffcaf400004eb5887","name":"alarm2","routePath":"vaxl-monitor/alarm2","url":"http://localhost:4205/main.js","label":"Alarm2 Management","isLandingPage":false,"isNavbar":false,"apiUrl":"http://localhost:5000/api","groupName":"monitor","mainApp":"60c2fbee25fdf7510c22af03","rank":5}]