{"post":[{"isActive":true,"_id":"60c0b244b623925964da825a","name":"Demo App","namespace":"demo","label":"Demo App","template":" ","iconLink":"none","description":"Do not change configs","preloadURLS":[{"isActive":false,"_id":"60d35b1d7eaa7f0004e38232","name":"none","url":"none","rank":1,"topic":"demo-none"}],"rank":1,"__v":0},{"isActive":true,"_id":"60c213eda559773f889c074f","name":"Equinix","namespace":"eqx","label":"Equinix","template":" ","iconLink":"none","description":"This is production grade, Don't change any configs","preloadURLS":[{"isActive":false,"_id":"60d1996625778c0004db3560","name":"none","url":"none","rank":1,"topic":"eqx-none"}],"rank":1,"__v":0},{"isActive":true,"_id":"60c2fbee25fdf7510c22af03","name":"Virtuora Local","namespace":"vaxl","label":"Virtuora Local","template":" ","iconLink":"none","description":"sqd","preloadURLS":[{"isActive":false,"_id":"60c3699efcaf400004eb5881","name":"none","url":"none","rank":1,"topic":"vaxl-none"}],"rank":1,"__v":0},{"isActive":true,"_id":"60c6fafe9c2fbb0004d5e7e2","name":"FUMS","namespace":"fums","label":"Fums","template":" ","iconLink":"none","description":"A Fujitsu Unified Mangment System","preloadURLS":[{"isActive":false,"_id":"60d1a64e25778c0004db357c","name":"none","url":"none","rank":1,"topic":"fums-none"}],"rank":1,"__v":0},{"isActive":true,"_id":"60d08148601ef10004643716","name":"Mamata","namespace":"mmt","label":"Hell App","template":" ","iconLink":"none","description":"none","preloadURLS":[{"isActive":false,"_id":"60d0a6fcc63a6e000481742e","name":"none","url":"none","rank":1,"topic":"mmt-none"}],"rank":1,"__v":0},{"isActive":true,"_id":"60d0b669f8d5610004bf05ac","name":"Akshata","namespace":"aks","label":"My App","template":" ","iconLink":"none","description":"none","preloadURLS":[{"isActive":false,"_id":"60d0c9cdf8d5610004bf05c8","name":"none","url":"none","rank":1,"topic":"aks-none"}],"rank":1,"__v":0},{"isActive":true,"_id":"60d1c090d6477d0004b5f9d7","name":"Metis Vax","namespace":"vaxmetis","label":"Metis Vax","template":" ","iconLink":"none","description":"asd","preloadURLS":[{"isActive":false,"_id":"60d4947bb021200004cb5ede","name":"none","url":"none","rank":1,"topic":"vaxmetis-none"}],"rank":1,"__v":0},{"isActive":true,"_id":"60d2b3e24549d40004e8a48a","name":"Test Proj","namespace":"tpp","label":"Test Project","template":" ","iconLink":"none","description":"This project is created for Kalista","preloadURLS":[{"isActive":false,"_id":"60d4f56e43d39c0004f45ce9","name":"none","url":"none","rank":1,"topic":"tpp-none"}],"rank":1,"__v":0},{"isActive":true,"_id":"60d3152a36280c0004d763cf","name":"rttp","namespace":"rttp","label":"RTTP","template":" ","iconLink":"none","description":"new project","preloadURLS":[{"isActive":false,"_id":"60d317d936280c0004d763e3","name":"none","url":"none","rank":1,"topic":"rttp-none"}],"rank":1,"__v":0}],"success":true,"message":"APPs found"}