{
    "status": "success",
    "data":
    [
    {
      "id": "6023b6ae3ce3e60001f40e39",
      "schedule_name": "TestSc",
      "schedule_id": "6023b6ae3ce3e60001f40e39",
      "job_type": "TRAINING",
      "schedule_status": "COMPLETED",
      "job_status": "ACTIVE",
      "schedule_from": "2021-02-10 12:55:00 UTC",
      "schedule_to": "2021-02-10 12:55:00 UTC",
      "created_ts": 1612953262068,
      "schedule_day": "",
      "recur_on": "ONETIME",
      "no_of_recurrence": 0,
      "last_run": 1612961700000,
      "next_run": 0,
      "data": {
        "modelType": "MODELI",
        "dataSetName": "alarm_data",
        "modelConfigName": "model1",
        "dataRange": 500,
        "frequency": "hours",
        "schedule_from": "2021-02-10 12:55:00 UTC",
        "interval_time": ""
      },
      "interval_time": 0
    },
    {
      "id": "60253af63ce3e60001f40e41",
      "schedule_name": "am2",
      "schedule_id": "60253af63ce3e60001f40e41",
      "job_type": "TRAINING",
      "schedule_status": "COMPLETED",
      "job_status": "ACTIVE",
      "schedule_from": "2021-02-11 14:12:00 UTC",
      "schedule_to": "2021-02-11 14:12:00 UTC",
      "created_ts": 1613052662111,
      "schedule_day": "",
      "recur_on": "ONETIME",
      "no_of_recurrence": 0,
      "last_run": 1613052720000,
      "next_run": 0,
      "data": {
        "modelType": "MODELII",
        "dataSetName": "alarm_data",
        "modelConfigName": "model2",
        "dataRange": 24,
        "frequency": "hours",
        "schedule_from": "2021-02-11 14:12:00 UTC",
        "interval_time": ""
      },
      "interval_time": 0
    },
    {
      "id": "602fbf617d215200010f404a",
      "schedule_name": "page-test",
      "schedule_id": "602fbf617d215200010f404a",
      "job_type": "TRAINING",
      "schedule_status": "COMPLETED",
      "job_status": "ACTIVE",
      "schedule_from": "2021-02-19 13:40:00 UTC",
      "schedule_to": "2021-02-19 13:40:00 UTC",
      "created_ts": 1613741921577,
      "schedule_day": "",
      "recur_on": "ONETIME",
      "no_of_recurrence": 0,
      "last_run": 1613742000000,
      "next_run": 0,
      "data": {
        "modelType": "MODELI",
        "dataSetName": "alarm_data",
        "modelConfigName": "model1",
        "dataRange": "01",
        "frequency": "hours",
        "schedule_from": "2021-02-19 13:40:00 UTC",
        "interval_time": ""
      },
      "interval_time": 0
    },
    {
      "id": "602fbfbb7d215200010f404b",
      "schedule_name": "1page-test-1",
      "schedule_id": "602fbfbb7d215200010f404b",
      "job_type": "TRAINING",
      "schedule_status": "COMPLETED",
      "job_status": "ACTIVE",
      "schedule_from": "2021-02-19 13:42:00 UTC",
      "schedule_to": "2021-02-19 13:42:00 UTC",
      "created_ts": 1613742011603,
      "schedule_day": "",
      "recur_on": "ONETIME",
      "no_of_recurrence": 0,
      "last_run": 1613742120000,
      "next_run": 0,
      "data": {
        "modelType": "MODELI",
        "dataSetName": "alarm_data",
        "modelConfigName": "model1",
        "dataRange": "01",
        "frequency": "hours",
        "schedule_from": "2021-02-19 13:42:00 UTC",
        "interval_time": ""
      },
      "interval_time": 0
    },
    {
      "id": "602fc0fa7d215200010f404c",
      "schedule_name": "page-test-2",
      "schedule_id": "602fc0fa7d215200010f404c",
      "job_type": "TRAINING",
      "schedule_status": "COMPLETED",
      "job_status": "ACTIVE",
      "schedule_from": "2021-02-19 13:48:00 UTC",
      "schedule_to": "2021-02-19 13:48:00 UTC",
      "created_ts": 1613742330714,
      "schedule_day": "",
      "recur_on": "ONETIME",
      "no_of_recurrence": 0,
      "last_run": 1613742480000,
      "next_run": 0,
      "data": {
        "modelType": "MODELI",
        "dataSetName": "alarm_data",
        "modelConfigName": "model1",
        "dataRange": "01",
        "frequency": "hours",
        "schedule_from": "2021-02-19 13:48:00 UTC",
        "interval_time": ""
      },
      "interval_time": 0
    },
    {
      "id": "602fc2707d215200010f404e",
      "schedule_name": "page-test-3",
      "schedule_id": "602fc2707d215200010f404e",
      "job_type": "TRAINING",
      "schedule_status": "COMPLETED",
      "job_status": "ACTIVE",
      "schedule_from": "2021-02-19 13:53:00 UTC",
      "schedule_to": "2021-02-19 13:53:00 UTC",
      "created_ts": 1613742704201,
      "schedule_day": "",
      "recur_on": "ONETIME",
      "no_of_recurrence": 0,
      "last_run": 1613742780000,
      "next_run": 0,
      "data": {
        "modelType": "MODELI",
        "dataSetName": "alarm_data",
        "modelConfigName": "model1",
        "dataRange": "01",
        "frequency": "hours",
        "schedule_from": "2021-02-19 13:53:00 UTC",
        "interval_time": ""
      },
      "interval_time": 0
    },
    {
      "id": "602fc2cc7d215200010f404f",
      "schedule_name": "page-test-4",
      "schedule_id": "602fc2cc7d215200010f404f",
      "job_type": "TRAINING",
      "schedule_status": "SCHEDULED",
      "job_status": "ACTIVE",
      "schedule_from": "2021-02-19 13:51:00 UTC",
      "schedule_to": "2021-02-19 13:51:00 UTC",
      "created_ts": 1613742796598,
      "schedule_day": "",
      "recur_on": "ONETIME",
      "no_of_recurrence": 0,
      "last_run": 0,
      "next_run": 1613742660000,
      "data": {
        "modelType": "MODELI",
        "dataSetName": "alarm_data",
        "modelConfigName": "model1",
        "dataRange": "01",
        "frequency": "hours",
        "schedule_from": "2021-02-19 13:51:00 UTC",
        "interval_time": ""
      },
      "interval_time": 0
    },
    {
      "id": "602fc3d77d215200010f4050",
      "schedule_name": "page-test-5",
      "schedule_id": "602fc3d77d215200010f4050",
      "job_type": "TRAINING",
      "schedule_status": "SCHEDULED",
      "job_status": "ACTIVE",
      "schedule_from": "2021-02-19 13:56:00 UTC",
      "schedule_to": "2021-02-19 13:56:00 UTC",
      "created_ts": 1613743063064,
      "schedule_day": "",
      "recur_on": "ONETIME",
      "no_of_recurrence": 0,
      "last_run": 0,
      "next_run": 1613742960000,
      "data": {
        "modelType": "MODELI",
        "dataSetName": "alarm_data",
        "modelConfigName": "model1",
        "dataRange": "01",
        "frequency": "hours",
        "schedule_from": "2021-02-19 13:56:00 UTC",
        "interval_time": ""
      },
      "interval_time": 0
    },
    {
      "id": "602fc3f27d215200010f4051",
      "schedule_name": "page-test-6",
      "schedule_id": "602fc3f27d215200010f4051",
      "job_type": "TRAINING",
      "schedule_status": "COMPLETED",
      "job_status": "ACTIVE",
      "schedule_from": "2021-02-19 13:59:00 UTC",
      "schedule_to": "2021-02-19 13:59:00 UTC",
      "created_ts": 1613743090033,
      "schedule_day": "",
      "recur_on": "ONETIME",
      "no_of_recurrence": 0,
      "last_run": 1613743140000,
      "next_run": 0,
      "data": {
        "modelType": "MODELI",
        "dataSetName": "alarm_data",
        "modelConfigName": "model1",
        "dataRange": "01",
        "frequency": "hours",
        "schedule_from": "2021-02-19 13:59:00 UTC",
        "interval_time": ""
      },
      "interval_time": 0
    },
    {
      "id": "602fc41c7d215200010f4052",
      "schedule_name": "page-test-7",
      "schedule_id": "602fc41c7d215200010f4052",
      "job_type": "TRAINING",
      "schedule_status": "COMPLETED",
      "job_status": "ACTIVE",
      "schedule_from": "2021-02-19 14:00:00 UTC",
      "schedule_to": "2021-02-19 14:00:00 UTC",
      "created_ts": 1613743132835,
      "schedule_day": "",
      "recur_on": "ONETIME",
      "no_of_recurrence": 0,
      "last_run": 1613743200000,
      "next_run": 0,
      "data": {
        "modelType": "MODELI",
        "dataSetName": "alarm_data",
        "modelConfigName": "model1",
        "dataRange": "01",
        "frequency": "hours",
        "schedule_from": "2021-02-19 14:00:00 UTC",
        "interval_time": ""
      },
      "interval_time": 0
    },
    {
      "id": "602fc4417d215200010f4053",
      "schedule_name": "page-test-8",
      "schedule_id": "602fc4417d215200010f4053",
      "job_type": "TRAINING",
      "schedule_status": "COMPLETED",
      "job_status": "ACTIVE",
      "schedule_from": "2021-02-19 14:05:00 UTC",
      "schedule_to": "2021-02-19 14:05:00 UTC",
      "created_ts": 1613743169585,
      "schedule_day": "",
      "recur_on": "ONETIME",
      "no_of_recurrence": 0,
      "last_run": 1613743500000,
      "next_run": 0,
      "data": {
        "modelType": "MODELI",
        "dataSetName": "alarm_data",
        "modelConfigName": "model1",
        "dataRange": "01",
        "frequency": "hours",
        "schedule_from": "2021-02-19 14:05:00 UTC",
        "interval_time": ""
      },
      "interval_time": 0
    },
    {
      "id": "602fc4617d215200010f4054",
      "schedule_name": "page-test-9",
      "schedule_id": "602fc4617d215200010f4054",
      "job_type": "TRAINING",
      "schedule_status": "COMPLETED",
      "job_status": "ACTIVE",
      "schedule_from": "2021-02-19 14:05:00 UTC",
      "schedule_to": "2021-02-19 14:05:00 UTC",
      "created_ts": 1613743201101,
      "schedule_day": "",
      "recur_on": "ONETIME",
      "no_of_recurrence": 0,
      "last_run": 1613743500000,
      "next_run": 0,
      "data": {
        "modelType": "MODELI",
        "dataSetName": "alarm_data",
        "modelConfigName": "model1",
        "dataRange": "01",
        "frequency": "hours",
        "schedule_from": "2021-02-19 14:05:00 UTC",
        "interval_time": ""
      },
      "interval_time": 0
    },
    {
      "id": "602fc4847d215200010f4055",
      "schedule_name": "page-test-",
      "schedule_id": "602fc4847d215200010f4055",
      "job_type": "TRAINING",
      "schedule_status": "COMPLETED",
      "job_status": "ACTIVE",
      "schedule_from": "2021-02-19 14:03:00 UTC",
      "schedule_to": "2021-02-19 14:03:00 UTC",
      "created_ts": 1613743236243,
      "schedule_day": "",
      "recur_on": "ONETIME",
      "no_of_recurrence": 0,
      "last_run": 1613743380000,
      "next_run": 0,
      "data": {
        "modelType": "MODELI",
        "dataSetName": "alarm_data",
        "modelConfigName": "model1",
        "dataRange": "01",
        "frequency": "hours",
        "schedule_from": "2021-02-19 14:03:00 UTC",
        "interval_time": ""
      },
      "interval_time": 0
    },
    {
      "id": "602fc4b27d215200010f4056",
      "schedule_name": "page-test-10",
      "schedule_id": "602fc4b27d215200010f4056",
      "job_type": "TRAINING",
      "schedule_status": "COMPLETED",
      "job_status": "ACTIVE",
      "schedule_from": "2021-02-19 14:03:00 UTC",
      "schedule_to": "2021-02-19 14:03:00 UTC",
      "created_ts": 1613743282278,
      "schedule_day": "",
      "recur_on": "ONETIME",
      "no_of_recurrence": 0,
      "last_run": 1613743380000,
      "next_run": 0,
      "data": {
        "modelType": "MODELI",
        "dataSetName": "alarm_data",
        "modelConfigName": "model1",
        "dataRange": "01",
        "frequency": "hours",
        "schedule_from": "2021-02-19 14:03:00 UTC",
        "interval_time": ""
      },
      "interval_time": 0
    },
    {
      "id": "602fc4cc7d215200010f4057",
      "schedule_name": "page-test-11",
      "schedule_id": "602fc4cc7d215200010f4057",
      "job_type": "TRAINING",
      "schedule_status": "COMPLETED",
      "job_status": "ACTIVE",
      "schedule_from": "2021-02-19 14:02:00 UTC",
      "schedule_to": "2021-02-19 14:02:00 UTC",
      "created_ts": 1613743308639,
      "schedule_day": "",
      "recur_on": "ONETIME",
      "no_of_recurrence": 0,
      "last_run": 1613743320000,
      "next_run": 0,
      "data": {
        "modelType": "MODELI",
        "dataSetName": "alarm_data",
        "modelConfigName": "model1",
        "dataRange": "01",
        "frequency": "hours",
        "schedule_from": "2021-02-19 14:02:00 UTC",
        "interval_time": ""
      },
      "interval_time": 0
    },
    {
      "id": "602fc4e97d215200010f4058",
      "schedule_name": "page-test-12",
      "schedule_id": "602fc4e97d215200010f4058",
      "job_type": "TRAINING",
      "schedule_status": "COMPLETED",
      "job_status": "ACTIVE",
      "schedule_from": "2021-02-19 14:04:00 UTC",
      "schedule_to": "2021-02-19 14:04:00 UTC",
      "created_ts": 1613743337338,
      "schedule_day": "",
      "recur_on": "ONETIME",
      "no_of_recurrence": 0,
      "last_run": 1613743440000,
      "next_run": 0,
      "data": {
        "modelType": "MODELI",
        "dataSetName": "alarm_data",
        "modelConfigName": "model1",
        "dataRange": "01",
        "frequency": "hours",
        "schedule_from": "2021-02-19 14:04:00 UTC",
        "interval_time": ""
      },
      "interval_time": 0
    },
    {
      "id": "602fc53a7d215200010f4059",
      "schedule_name": "page-test-13",
      "schedule_id": "602fc53a7d215200010f4059",
      "job_type": "TRAINING",
      "schedule_status": "COMPLETED",
      "job_status": "ACTIVE",
      "schedule_from": "2021-02-19 14:05:00 UTC",
      "schedule_to": "2021-02-19 14:05:00 UTC",
      "created_ts": 1613743418615,
      "schedule_day": "",
      "recur_on": "ONETIME",
      "no_of_recurrence": 0,
      "last_run": 1613743500000,
      "next_run": 0,
      "data": {
        "modelType": "MODELI",
        "dataSetName": "alarm_data",
        "modelConfigName": "model1",
        "dataRange": "01",
        "frequency": "hours",
        "schedule_from": "2021-02-19 14:05:00 UTC",
        "interval_time": ""
      },
      "interval_time": 0
    },
    {
      "id": "602fc5557d215200010f405a",
      "schedule_name": "page-test-14",
      "schedule_id": "602fc5557d215200010f405a",
      "job_type": "TRAINING",
      "schedule_status": "COMPLETED",
      "job_status": "ACTIVE",
      "schedule_from": "2021-02-19 14:05:00 UTC",
      "schedule_to": "2021-02-19 14:05:00 UTC",
      "created_ts": 1613743445404,
      "schedule_day": "",
      "recur_on": "ONETIME",
      "no_of_recurrence": 0,
      "last_run": 1613743500000,
      "next_run": 0,
      "data": {
        "modelType": "MODELI",
        "dataSetName": "alarm_data",
        "modelConfigName": "model1",
        "dataRange": "01",
        "frequency": "hours",
        "schedule_from": "2021-02-19 14:05:00 UTC",
        "interval_time": ""
      },
      "interval_time": 0
    },
    {
      "id": "602fc58a7d215200010f405b",
      "schedule_name": "page-test-15",
      "schedule_id": "602fc58a7d215200010f405b",
      "job_type": "TRAINING",
      "schedule_status": "COMPLETED",
      "job_status": "ACTIVE",
      "schedule_from": "2021-02-19 14:06:00 UTC",
      "schedule_to": "2021-02-19 14:06:00 UTC",
      "created_ts": 1613743498161,
      "schedule_day": "",
      "recur_on": "ONETIME",
      "no_of_recurrence": 0,
      "last_run": 1613743560000,
      "next_run": 0,
      "data": {
        "modelType": "MODELI",
        "dataSetName": "alarm_data",
        "modelConfigName": "model1",
        "dataRange": "01",
        "frequency": "hours",
        "schedule_from": "2021-02-19 14:06:00 UTC",
        "interval_time": ""
      },
      "interval_time": 0
    },
    {
      "id": "602fc68c7d215200010f405c",
      "schedule_name": "page-test-16",
      "schedule_id": "602fc68c7d215200010f405c",
      "job_type": "TRAINING",
      "schedule_status": "COMPLETED",
      "job_status": "ACTIVE",
      "schedule_from": "2021-02-19 14:10:00 UTC",
      "schedule_to": "2021-02-19 14:10:00 UTC",
      "created_ts": 1613743756860,
      "schedule_day": "",
      "recur_on": "ONETIME",
      "no_of_recurrence": 0,
      "last_run": 1613743800000,
      "next_run": 0,
      "data": {
        "modelType": "MODELI",
        "dataSetName": "alarm_data",
        "modelConfigName": "model1",
        "dataRange": "01",
        "frequency": "hours",
        "schedule_from": "2021-02-19 14:10:00 UTC",
        "interval_time": ""
      },
      "interval_time": 0
    },
    {
      "id": "602fc6d77d215200010f405e",
      "schedule_name": "page-test-17",
      "schedule_id": "602fc6d77d215200010f405e",
      "job_type": "TRAINING",
      "schedule_status": "COMPLETED",
      "job_status": "ACTIVE",
      "schedule_from": "2021-02-19 14:11:00 UTC",
      "schedule_to": "2021-02-19 14:11:00 UTC",
      "created_ts": 1613743831085,
      "schedule_day": "",
      "recur_on": "ONETIME",
      "no_of_recurrence": 0,
      "last_run": 1613743860000,
      "next_run": 0,
      "data": {
        "modelType": "MODELI",
        "dataSetName": "alarm_data",
        "modelConfigName": "model1",
        "dataRange": "01",
        "frequency": "hours",
        "schedule_from": "2021-02-19 14:11:00 UTC",
        "interval_time": ""
      },
      "interval_time": 0
    },
    {
      "id": "602fc7957d215200010f4060",
      "schedule_name": "page-test-18",
      "schedule_id": "602fc7957d215200010f4060",
      "job_type": "TRAINING",
      "schedule_status": "COMPLETED",
      "job_status": "ACTIVE",
      "schedule_from": "2021-02-19 14:14:00 UTC",
      "schedule_to": "2021-02-19 14:14:00 UTC",
      "created_ts": 1613744021095,
      "schedule_day": "",
      "recur_on": "ONETIME",
      "no_of_recurrence": 0,
      "last_run": 1613744040000,
      "next_run": 0,
      "data": {
        "modelType": "MODELI",
        "dataSetName": "alarm_data",
        "modelConfigName": "model1",
        "dataRange": "01",
        "frequency": "hours",
        "schedule_from": "2021-02-19 14:14:00 UTC",
        "interval_time": ""
      },
      "interval_time": 0
    },
    {
      "id": "602fcfaa7d215200010f4061",
      "schedule_name": "page-test-19",
      "schedule_id": "602fcfaa7d215200010f4061",
      "job_type": "TRAINING",
      "schedule_status": "COMPLETED",
      "job_status": "ACTIVE",
      "schedule_from": "2021-02-19 14:49:00 UTC",
      "schedule_to": "2021-02-19 14:49:00 UTC",
      "created_ts": 1613746090295,
      "schedule_day": "",
      "recur_on": "ONETIME",
      "no_of_recurrence": 0,
      "last_run": 1613746140000,
      "next_run": 0,
      "data": {
        "modelType": "MODELI",
        "dataSetName": "alarm_data",
        "modelConfigName": "model1",
        "dataRange": "01",
        "frequency": "hours",
        "schedule_from": "2021-02-19 14:49:00 UTC",
        "interval_time": ""
      },
      "interval_time": 0
    },
    {
      "id": "602fd0137d215200010f4062",
      "schedule_name": "page-test-20",
      "schedule_id": "602fd0137d215200010f4062",
      "job_type": "TRAINING",
      "schedule_status": "COMPLETED",
      "job_status": "ACTIVE",
      "schedule_from": "2021-02-19 14:50:00 UTC",
      "schedule_to": "2021-02-19 14:50:00 UTC",
      "created_ts": 1613746195478,
      "schedule_day": "",
      "recur_on": "ONETIME",
      "no_of_recurrence": 0,
      "last_run": 1613746200000,
      "next_run": 0,
      "data": {
        "modelType": "MODELI",
        "dataSetName": "alarm_data",
        "modelConfigName": "model1",
        "dataRange": "01",
        "frequency": "hours",
        "schedule_from": "2021-02-19 14:50:00 UTC",
        "interval_time": ""
      },
      "interval_time": 0
    },
    {
      "id": "602fd0417d215200010f4063",
      "schedule_name": "page-test-21",
      "schedule_id": "602fd0417d215200010f4063",
      "job_type": "TRAINING",
      "schedule_status": "COMPLETED",
      "job_status": "ACTIVE",
      "schedule_from": "2021-02-19 14:52:00 UTC",
      "schedule_to": "2021-02-19 14:52:00 UTC",
      "created_ts": 1613746241805,
      "schedule_day": "",
      "recur_on": "ONETIME",
      "no_of_recurrence": 0,
      "last_run": 1613746320000,
      "next_run": 0,
      "data": {
        "modelType": "MODELI",
        "dataSetName": "alarm_data",
        "modelConfigName": "model1",
        "dataRange": "01",
        "frequency": "hours",
        "schedule_from": "2021-02-19 14:52:00 UTC",
        "interval_time": ""
      },
      "interval_time": 0
    },
    {
      "id": "602fd06a7d215200010f4064",
      "schedule_name": "page-test-22",
      "schedule_id": "602fd06a7d215200010f4064",
      "job_type": "TRAINING",
      "schedule_status": "COMPLETED",
      "job_status": "ACTIVE",
      "schedule_from": "2021-02-19 14:52:00 UTC",
      "schedule_to": "2021-02-19 14:52:00 UTC",
      "created_ts": 1613746282192,
      "schedule_day": "",
      "recur_on": "ONETIME",
      "no_of_recurrence": 0,
      "last_run": 1613746320000,
      "next_run": 0,
      "data": {
        "modelType": "MODELI",
        "dataSetName": "alarm_data",
        "modelConfigName": "model1",
        "dataRange": "01",
        "frequency": "hours",
        "schedule_from": "2021-02-19 14:52:00 UTC",
        "interval_time": ""
      },
      "interval_time": 0
    },
    {
      "id": "602fd0b17d215200010f4065",
      "schedule_name": "page-test-23",
      "schedule_id": "602fd0b17d215200010f4065",
      "job_type": "TRAINING",
      "schedule_status": "COMPLETED",
      "job_status": "ACTIVE",
      "schedule_from": "2021-02-19 14:53:00 UTC",
      "schedule_to": "2021-02-19 14:53:00 UTC",
      "created_ts": 1613746353480,
      "schedule_day": "",
      "recur_on": "ONETIME",
      "no_of_recurrence": 0,
      "last_run": 1613746380000,
      "next_run": 0,
      "data": {
        "modelType": "MODELI",
        "dataSetName": "alarm_data",
        "modelConfigName": "model1",
        "dataRange": "01",
        "frequency": "hours",
        "schedule_from": "2021-02-19 14:53:00 UTC",
        "interval_time": ""
      },
      "interval_time": 0
    },
    {
      "id": "602fd1467d215200010f4066",
      "schedule_name": "page-test-24",
      "schedule_id": "602fd1467d215200010f4066",
      "job_type": "TRAINING",
      "schedule_status": "COMPLETED",
      "job_status": "ACTIVE",
      "schedule_from": "2021-02-19 14:56:00 UTC",
      "schedule_to": "2021-02-19 14:56:00 UTC",
      "created_ts": 1613746502888,
      "schedule_day": "",
      "recur_on": "ONETIME",
      "no_of_recurrence": 0,
      "last_run": 1613746560000,
      "next_run": 0,
      "data": {
        "modelType": "MODELI",
        "dataSetName": "alarm_data",
        "modelConfigName": "model1",
        "dataRange": "01",
        "frequency": "hours",
        "schedule_from": "2021-02-19 14:56:00 UTC",
        "interval_time": ""
      },
      "interval_time": 0
    },
    {
      "id": "602fd19d7d215200010f4067",
      "schedule_name": "page-test-25",
      "schedule_id": "602fd19d7d215200010f4067",
      "job_type": "TRAINING",
      "schedule_status": "COMPLETED",
      "job_status": "ACTIVE",
      "schedule_from": "2021-02-19 14:57:00 UTC",
      "schedule_to": "2021-02-19 14:57:00 UTC",
      "created_ts": 1613746589769,
      "schedule_day": "",
      "recur_on": "ONETIME",
      "no_of_recurrence": 0,
      "last_run": 1613746620000,
      "next_run": 0,
      "data": {
        "modelType": "MODELI",
        "dataSetName": "alarm_data",
        "modelConfigName": "model1",
        "dataRange": "01",
        "frequency": "hours",
        "schedule_from": "2021-02-19 14:57:00 UTC",
        "interval_time": ""
      },
      "interval_time": 0
    },
    {
      "id": "602fd1c87d215200010f4068",
      "schedule_name": "page-test-26",
      "schedule_id": "602fd1c87d215200010f4068",
      "job_type": "TRAINING",
      "schedule_status": "COMPLETED",
      "job_status": "ACTIVE",
      "schedule_from": "2021-02-19 14:58:00 UTC",
      "schedule_to": "2021-02-19 14:58:00 UTC",
      "created_ts": 1613746632318,
      "schedule_day": "",
      "recur_on": "ONETIME",
      "no_of_recurrence": 0,
      "last_run": 1613746680000,
      "next_run": 0,
      "data": {
        "modelType": "MODELI",
        "dataSetName": "alarm_data",
        "modelConfigName": "model1",
        "dataRange": "01",
        "frequency": "hours",
        "schedule_from": "2021-02-19 14:58:00 UTC",
        "interval_time": ""
      },
      "interval_time": 0
    },
    {
      "id": "6031f4a17d215200010f4069",
      "schedule_name": "page-test-27",
      "schedule_id": "6031f4a17d215200010f4069",
      "job_type": "TRAINING",
      "schedule_status": "COMPLETED",
      "job_status": "ACTIVE",
      "schedule_from": "2021-02-21 05:54:00 UTC",
      "schedule_to": "2021-02-21 05:54:00 UTC",
      "created_ts": 1613886625923,
      "schedule_day": "",
      "recur_on": "ONETIME",
      "no_of_recurrence": 0,
      "last_run": 1613886840000,
      "next_run": 0,
      "data": {
        "modelType": "MODELI",
        "dataSetName": "alarm_data",
        "modelConfigName": "model1",
        "dataRange": "01",
        "frequency": "hours",
        "schedule_from": "2021-02-21 05:54:00 UTC",
        "interval_time": ""
      },
      "interval_time": 0
    },
    {
      "id": "6031f4d47d215200010f406a",
      "schedule_name": "page-test-28",
      "schedule_id": "6031f4d47d215200010f406a",
      "job_type": "TRAINING",
      "schedule_status": "COMPLETED",
      "job_status": "ACTIVE",
      "schedule_from": "2021-02-21 05:53:00 UTC",
      "schedule_to": "2021-02-21 05:53:00 UTC",
      "created_ts": 1613886676776,
      "schedule_day": "",
      "recur_on": "ONETIME",
      "no_of_recurrence": 0,
      "last_run": 1613886780000,
      "next_run": 0,
      "data": {
        "modelType": "MODELI",
        "dataSetName": "alarm_data",
        "modelConfigName": "model1",
        "dataRange": "01",
        "frequency": "hours",
        "schedule_from": "2021-02-21 05:53:00 UTC",
        "interval_time": ""
      },
      "interval_time": 0
    },
    {
      "id": "6031f5297d215200010f406b",
      "schedule_name": "page-test-29",
      "schedule_id": "6031f5297d215200010f406b",
      "job_type": "TRAINING",
      "schedule_status": "COMPLETED",
      "job_status": "ACTIVE",
      "schedule_from": "2021-02-21 05:54:00 UTC",
      "schedule_to": "2021-02-21 05:54:00 UTC",
      "created_ts": 1613886761022,
      "schedule_day": "",
      "recur_on": "ONETIME",
      "no_of_recurrence": 0,
      "last_run": 1613886840000,
      "next_run": 0,
      "data": {
        "modelType": "MODELI",
        "dataSetName": "alarm_data",
        "modelConfigName": "model1",
        "dataRange": "01",
        "frequency": "hours",
        "schedule_from": "2021-02-21 05:54:00 UTC",
        "interval_time": ""
      },
      "interval_time": 0
    },
    {
      "id": "6031f5667d215200010f406c",
      "schedule_name": "page-test-30",
      "schedule_id": "6031f5667d215200010f406c",
      "job_type": "TRAINING",
      "schedule_status": "COMPLETED",
      "job_status": "ACTIVE",
      "schedule_from": "2021-02-21 05:54:00 UTC",
      "schedule_to": "2021-02-21 05:54:00 UTC",
      "created_ts": 1613886822696,
      "schedule_day": "",
      "recur_on": "ONETIME",
      "no_of_recurrence": 0,
      "last_run": 1613886840000,
      "next_run": 0,
      "data": {
        "modelType": "MODELI",
        "dataSetName": "alarm_data",
        "modelConfigName": "model1",
        "dataRange": "01",
        "frequency": "hours",
        "schedule_from": "2021-02-21 05:54:00 UTC",
        "interval_time": ""
      },
      "interval_time": 0
    },
    {
      "id": "6031f58e7d215200010f406d",
      "schedule_name": "page-test-31",
      "schedule_id": "6031f58e7d215200010f406d",
      "job_type": "TRAINING",
      "schedule_status": "COMPLETED",
      "job_status": "ACTIVE",
      "schedule_from": "2021-02-21 05:56:00 UTC",
      "schedule_to": "2021-02-21 05:56:00 UTC",
      "created_ts": 1613886862294,
      "schedule_day": "",
      "recur_on": "ONETIME",
      "no_of_recurrence": 0,
      "last_run": 1613886960000,
      "next_run": 0,
      "data": {
        "modelType": "MODELI",
        "dataSetName": "alarm_data",
        "modelConfigName": "model1",
        "dataRange": "01",
        "frequency": "hours",
        "schedule_from": "2021-02-21 05:56:00 UTC",
        "interval_time": ""
      },
      "interval_time": 0
    },
    {
      "id": "6031f5b17d215200010f406e",
      "schedule_name": "page-test-32",
      "schedule_id": "6031f5b17d215200010f406e",
      "job_type": "TRAINING",
      "schedule_status": "COMPLETED",
      "job_status": "ACTIVE",
      "schedule_from": "2021-02-21 05:57:00 UTC",
      "schedule_to": "2021-02-21 05:57:00 UTC",
      "created_ts": 1613886897879,
      "schedule_day": "",
      "recur_on": "ONETIME",
      "no_of_recurrence": 0,
      "last_run": 1613887020000,
      "next_run": 0,
      "data": {
        "modelType": "MODELI",
        "dataSetName": "alarm_data",
        "modelConfigName": "model1",
        "dataRange": "01",
        "frequency": "hours",
        "schedule_from": "2021-02-21 05:57:00 UTC",
        "interval_time": ""
      },
      "interval_time": 0
    },
    {
      "id": "6031f6ae7d215200010f406f",
      "schedule_name": "page-test-33",
      "schedule_id": "6031f6ae7d215200010f406f",
      "job_type": "TRAINING",
      "schedule_status": "COMPLETED",
      "job_status": "ACTIVE",
      "schedule_from": "2021-02-21 06:05:00 UTC",
      "schedule_to": "2021-02-21 06:05:00 UTC",
      "created_ts": 1613887150182,
      "schedule_day": "",
      "recur_on": "ONETIME",
      "no_of_recurrence": 0,
      "last_run": 1613887500000,
      "next_run": 0,
      "data": {
        "modelType": "MODELI",
        "dataSetName": "alarm_data",
        "modelConfigName": "model1",
        "dataRange": "01",
        "frequency": "hours",
        "schedule_from": "2021-02-21 06:05:00 UTC",
        "interval_time": ""
      },
      "interval_time": 0
    },
    {
      "id": "6031f6ce7d215200010f4070",
      "schedule_name": "page-test-34",
      "schedule_id": "6031f6ce7d215200010f4070",
      "job_type": "TRAINING",
      "schedule_status": "COMPLETED",
      "job_status": "ACTIVE",
      "schedule_from": "2021-02-21 06:05:00 UTC",
      "schedule_to": "2021-02-21 06:05:00 UTC",
      "created_ts": 1613887182286,
      "schedule_day": "",
      "recur_on": "ONETIME",
      "no_of_recurrence": 0,
      "last_run": 1613887500000,
      "next_run": 0,
      "data": {
        "modelType": "MODELI",
        "dataSetName": "alarm_data",
        "modelConfigName": "model1",
        "dataRange": "01",
        "frequency": "hours",
        "schedule_from": "2021-02-21 06:05:00 UTC",
        "interval_time": ""
      },
      "interval_time": 0
    },
    {
      "id": "6031f6f67d215200010f4071",
      "schedule_name": "page-test-35",
      "schedule_id": "6031f6f67d215200010f4071",
      "job_type": "TRAINING",
      "schedule_status": "COMPLETED",
      "job_status": "ACTIVE",
      "schedule_from": "2021-02-21 06:03:00 UTC",
      "schedule_to": "2021-02-21 06:03:00 UTC",
      "created_ts": 1613887222011,
      "schedule_day": "",
      "recur_on": "ONETIME",
      "no_of_recurrence": 0,
      "last_run": 1613887380000,
      "next_run": 0,
      "data": {
        "modelType": "MODELI",
        "dataSetName": "alarm_data",
        "modelConfigName": "model1",
        "dataRange": "01",
        "frequency": "hours",
        "schedule_from": "2021-02-21 06:03:00 UTC",
        "interval_time": ""
      },
      "interval_time": 0
    },
    {
      "id": "6031f71c7d215200010f4072",
      "schedule_name": "page-test-36",
      "schedule_id": "6031f71c7d215200010f4072",
      "job_type": "TRAINING",
      "schedule_status": "COMPLETED",
      "job_status": "ACTIVE",
      "schedule_from": "2021-02-21 06:08:00 UTC",
      "schedule_to": "2021-02-21 06:08:00 UTC",
      "created_ts": 1613887260216,
      "schedule_day": "",
      "recur_on": "ONETIME",
      "no_of_recurrence": 0,
      "last_run": 1613887680000,
      "next_run": 0,
      "data": {
        "modelType": "MODELI",
        "dataSetName": "alarm_data",
        "modelConfigName": "model1",
        "dataRange": "01",
        "frequency": "hours",
        "schedule_from": "2021-02-21 06:08:00 UTC",
        "interval_time": ""
      },
      "interval_time": 0
    },
    {
      "id": "6031f73f7d215200010f4073",
      "schedule_name": "page-test-37",
      "schedule_id": "6031f73f7d215200010f4073",
      "job_type": "TRAINING",
      "schedule_status": "COMPLETED",
      "job_status": "ACTIVE",
      "schedule_from": "2021-02-21 06:03:00 UTC",
      "schedule_to": "2021-02-21 06:03:00 UTC",
      "created_ts": 1613887295499,
      "schedule_day": "",
      "recur_on": "ONETIME",
      "no_of_recurrence": 0,
      "last_run": 1613887380000,
      "next_run": 0,
      "data": {
        "modelType": "MODELI",
        "dataSetName": "alarm_data",
        "modelConfigName": "model1",
        "dataRange": "01",
        "frequency": "hours",
        "schedule_from": "2021-02-21 06:03:00 UTC",
        "interval_time": ""
      },
      "interval_time": 0
    },
    {
      "id": "6031f75c7d215200010f4074",
      "schedule_name": "page-test-38",
      "schedule_id": "6031f75c7d215200010f4074",
      "job_type": "TRAINING",
      "schedule_status": "COMPLETED",
      "job_status": "ACTIVE",
      "schedule_from": "2021-02-21 06:04:00 UTC",
      "schedule_to": "2021-02-21 06:04:00 UTC",
      "created_ts": 1613887324875,
      "schedule_day": "",
      "recur_on": "ONETIME",
      "no_of_recurrence": 0,
      "last_run": 1613887440000,
      "next_run": 0,
      "data": {
        "modelType": "MODELI",
        "dataSetName": "alarm_data",
        "modelConfigName": "model1",
        "dataRange": "01",
        "frequency": "hours",
        "schedule_from": "2021-02-21 06:04:00 UTC",
        "interval_time": ""
      },
      "interval_time": 0
    },
    {
      "id": "6031f7807d215200010f4075",
      "schedule_name": "page-test-39",
      "schedule_id": "6031f7807d215200010f4075",
      "job_type": "TRAINING",
      "schedule_status": "COMPLETED",
      "job_status": "ACTIVE",
      "schedule_from": "2021-02-21 06:04:00 UTC",
      "schedule_to": "2021-02-21 06:04:00 UTC",
      "created_ts": 1613887360113,
      "schedule_day": "",
      "recur_on": "ONETIME",
      "no_of_recurrence": 0,
      "last_run": 1613887440000,
      "next_run": 0,
      "data": {
        "modelType": "MODELI",
        "dataSetName": "alarm_data",
        "modelConfigName": "model1",
        "dataRange": "01",
        "frequency": "hours",
        "schedule_from": "2021-02-21 06:04:00 UTC",
        "interval_time": ""
      },
      "interval_time": 0
    },
    {
      "id": "6031f7b67d215200010f4076",
      "schedule_name": "page-test-40",
      "schedule_id": "6031f7b67d215200010f4076",
      "job_type": "TRAINING",
      "schedule_status": "COMPLETED",
      "job_status": "ACTIVE",
      "schedule_from": "2021-02-21 06:06:00 UTC",
      "schedule_to": "2021-02-21 06:06:00 UTC",
      "created_ts": 1613887414483,
      "schedule_day": "",
      "recur_on": "ONETIME",
      "no_of_recurrence": 0,
      "last_run": 1613887560000,
      "next_run": 0,
      "data": {
        "modelType": "MODELI",
        "dataSetName": "alarm_data",
        "modelConfigName": "model1",
        "dataRange": "01",
        "frequency": "hours",
        "schedule_from": "2021-02-21 06:06:00 UTC",
        "interval_time": ""
      },
      "interval_time": 0
    },
    {
      "id": "6031f7d37d215200010f4077",
      "schedule_name": "page-test-41",
      "schedule_id": "6031f7d37d215200010f4077",
      "job_type": "TRAINING",
      "schedule_status": "COMPLETED",
      "job_status": "ACTIVE",
      "schedule_from": "2021-02-21 06:05:00 UTC",
      "schedule_to": "2021-02-21 06:05:00 UTC",
      "created_ts": 1613887443679,
      "schedule_day": "",
      "recur_on": "ONETIME",
      "no_of_recurrence": 0,
      "last_run": 1613887500000,
      "next_run": 0,
      "data": {
        "modelType": "MODELI",
        "dataSetName": "alarm_data",
        "modelConfigName": "model1",
        "dataRange": "01",
        "frequency": "hours",
        "schedule_from": "2021-02-21 06:05:00 UTC",
        "interval_time": ""
      },
      "interval_time": 0
    },
    {
      "id": "6031f8d07d215200010f4078",
      "schedule_name": "page-test-42",
      "schedule_id": "6031f8d07d215200010f4078",
      "job_type": "TRAINING",
      "schedule_status": "COMPLETED",
      "job_status": "ACTIVE",
      "schedule_from": "2021-02-21 06:09:00 UTC",
      "schedule_to": "2021-02-21 06:09:00 UTC",
      "created_ts": 1613887696425,
      "schedule_day": "",
      "recur_on": "ONETIME",
      "no_of_recurrence": 0,
      "last_run": 1613887740000,
      "next_run": 0,
      "data": {
        "modelType": "MODELI",
        "dataSetName": "alarm_data",
        "modelConfigName": "model1",
        "dataRange": "01",
        "frequency": "hours",
        "schedule_from": "2021-02-21 06:09:00 UTC",
        "interval_time": ""
      },
      "interval_time": 0
    },
    {
      "id": "6031f9dd7d215200010f4079",
      "schedule_name": "page-test-43",
      "schedule_id": "6031f9dd7d215200010f4079",
      "job_type": "TRAINING",
      "schedule_status": "COMPLETED",
      "job_status": "ACTIVE",
      "schedule_from": "2021-02-21 06:14:00 UTC",
      "schedule_to": "2021-02-21 06:14:00 UTC",
      "created_ts": 1613887965090,
      "schedule_day": "",
      "recur_on": "ONETIME",
      "no_of_recurrence": 0,
      "last_run": 1613888040000,
      "next_run": 0,
      "data": {
        "modelType": "MODELI",
        "dataSetName": "alarm_data",
        "modelConfigName": "model1",
        "dataRange": "01",
        "frequency": "hours",
        "schedule_from": "2021-02-21 06:14:00 UTC",
        "interval_time": ""
      },
      "interval_time": 0
    },
    {
      "id": "6031fa1e7d215200010f407a",
      "schedule_name": "page-test-44",
      "schedule_id": "6031fa1e7d215200010f407a",
      "job_type": "TRAINING",
      "schedule_status": "COMPLETED",
      "job_status": "ACTIVE",
      "schedule_from": "2021-02-21 06:15:00 UTC",
      "schedule_to": "2021-02-21 06:15:00 UTC",
      "created_ts": 1613888030630,
      "schedule_day": "",
      "recur_on": "ONETIME",
      "no_of_recurrence": 0,
      "last_run": 1613888100000,
      "next_run": 0,
      "data": {
        "modelType": "MODELI",
        "dataSetName": "alarm_data",
        "modelConfigName": "model1",
        "dataRange": "01",
        "frequency": "hours",
        "schedule_from": "2021-02-21 06:15:00 UTC",
        "interval_time": ""
      },
      "interval_time": 0
    },
    {
      "id": "6031fb0e7d215200010f407b",
      "schedule_name": "page-test-45",
      "schedule_id": "6031fb0e7d215200010f407b",
      "job_type": "TRAINING",
      "schedule_status": "COMPLETED",
      "job_status": "ACTIVE",
      "schedule_from": "2021-02-21 06:20:00 UTC",
      "schedule_to": "2021-02-21 06:20:00 UTC",
      "created_ts": 1613888270624,
      "schedule_day": "",
      "recur_on": "ONETIME",
      "no_of_recurrence": 0,
      "last_run": 1613888400000,
      "next_run": 0,
      "data": {
        "modelType": "MODELI",
        "dataSetName": "alarm_data",
        "modelConfigName": "model1",
        "dataRange": "01",
        "frequency": "hours",
        "schedule_from": "2021-02-21 06:20:00 UTC",
        "interval_time": ""
      },
      "interval_time": 0
    },
    {
      "id": "6031fb497d215200010f407c",
      "schedule_name": "page-test-46",
      "schedule_id": "6031fb497d215200010f407c",
      "job_type": "TRAINING",
      "schedule_status": "COMPLETED",
      "job_status": "ACTIVE",
      "schedule_from": "2021-02-21 06:25:00 UTC",
      "schedule_to": "2021-02-21 06:25:00 UTC",
      "created_ts": 1613888329423,
      "schedule_day": "",
      "recur_on": "ONETIME",
      "no_of_recurrence": 0,
      "last_run": 1613888700000,
      "next_run": 0,
      "data": {
        "modelType": "MODELI",
        "dataSetName": "alarm_data",
        "modelConfigName": "model1",
        "dataRange": "01",
        "frequency": "hours",
        "schedule_from": "2021-02-21 06:25:00 UTC",
        "interval_time": ""
      },
      "interval_time": 0
    },
    {
      "id": "6031fc397d215200010f407d",
      "schedule_name": "page-test-47",
      "schedule_id": "6031fc397d215200010f407d",
      "job_type": "TRAINING",
      "schedule_status": "COMPLETED",
      "job_status": "ACTIVE",
      "schedule_from": "2021-02-21 06:24:00 UTC",
      "schedule_to": "2021-02-21 06:24:00 UTC",
      "created_ts": 1613888569111,
      "schedule_day": "",
      "recur_on": "ONETIME",
      "no_of_recurrence": 0,
      "last_run": 1613888640000,
      "next_run": 0,
      "data": {
        "modelType": "MODELI",
        "dataSetName": "alarm_data",
        "modelConfigName": "model1",
        "dataRange": "01",
        "frequency": "hours",
        "schedule_from": "2021-02-21 06:24:00 UTC",
        "interval_time": ""
      },
      "interval_time": 0
    },
    {
      "id": "6031fd077d215200010f407e",
      "schedule_name": "page-test-48",
      "schedule_id": "6031fd077d215200010f407e",
      "job_type": "TRAINING",
      "schedule_status": "COMPLETED",
      "job_status": "ACTIVE",
      "schedule_from": "2021-02-21 06:27:00 UTC",
      "schedule_to": "2021-02-21 06:27:00 UTC",
      "created_ts": 1613888775338,
      "schedule_day": "",
      "recur_on": "ONETIME",
      "no_of_recurrence": 0,
      "last_run": 1613888820000,
      "next_run": 0,
      "data": {
        "modelType": "MODELI",
        "dataSetName": "alarm_data",
        "modelConfigName": "model1",
        "dataRange": "01",
        "frequency": "hours",
        "schedule_from": "2021-02-21 06:27:00 UTC",
        "interval_time": ""
      },
      "interval_time": 0
    },
    {
      "id": "6031fd217d215200010f407f",
      "schedule_name": "page-test-49",
      "schedule_id": "6031fd217d215200010f407f",
      "job_type": "TRAINING",
      "schedule_status": "COMPLETED",
      "job_status": "ACTIVE",
      "schedule_from": "2021-02-21 06:28:00 UTC",
      "schedule_to": "2021-02-21 06:28:00 UTC",
      "created_ts": 1613888801781,
      "schedule_day": "",
      "recur_on": "ONETIME",
      "no_of_recurrence": 0,
      "last_run": 1613888880000,
      "next_run": 0,
      "data": {
        "modelType": "MODELI",
        "dataSetName": "alarm_data",
        "modelConfigName": "model1",
        "dataRange": "01",
        "frequency": "hours",
        "schedule_from": "2021-02-21 06:28:00 UTC",
        "interval_time": ""
      },
      "interval_time": 0
    },
    {
      "id": "6031fd5d7d215200010f4080",
      "schedule_name": "page-test-50",
      "schedule_id": "6031fd5d7d215200010f4080",
      "job_type": "TRAINING",
      "schedule_status": "COMPLETED",
      "job_status": "ACTIVE",
      "schedule_from": "2021-02-21 06:29:00 UTC",
      "schedule_to": "2021-02-21 06:29:00 UTC",
      "created_ts": 1613888861385,
      "schedule_day": "",
      "recur_on": "ONETIME",
      "no_of_recurrence": 0,
      "last_run": 1613888940000,
      "next_run": 0,
      "data": {
        "modelType": "MODELI",
        "dataSetName": "alarm_data",
        "modelConfigName": "model1",
        "dataRange": "01",
        "frequency": "hours",
        "schedule_from": "2021-02-21 06:29:00 UTC",
        "interval_time": ""
      },
      "interval_time": 0
    },
    {
      "id": "6031fd867d215200010f4081",
      "schedule_name": "page-test-51",
      "schedule_id": "6031fd867d215200010f4081",
      "job_type": "TRAINING",
      "schedule_status": "COMPLETED",
      "job_status": "ACTIVE",
      "schedule_from": "2021-02-21 06:30:00 UTC",
      "schedule_to": "2021-02-21 06:30:00 UTC",
      "created_ts": 1613888902842,
      "schedule_day": "",
      "recur_on": "ONETIME",
      "no_of_recurrence": 0,
      "last_run": 1613889000000,
      "next_run": 0,
      "data": {
        "modelType": "MODELI",
        "dataSetName": "alarm_data",
        "modelConfigName": "model1",
        "dataRange": "01",
        "frequency": "hours",
        "schedule_from": "2021-02-21 06:30:00 UTC",
        "interval_time": ""
      },
      "interval_time": 0
    },
    {
      "id": "6031fdaf7d215200010f4082",
      "schedule_name": "page-test-52",
      "schedule_id": "6031fdaf7d215200010f4082",
      "job_type": "TRAINING",
      "schedule_status": "COMPLETED",
      "job_status": "ACTIVE",
      "schedule_from": "2021-02-21 06:30:00 UTC",
      "schedule_to": "2021-02-21 06:30:00 UTC",
      "created_ts": 1613888943511,
      "schedule_day": "",
      "recur_on": "ONETIME",
      "no_of_recurrence": 0,
      "last_run": 1613889000000,
      "next_run": 0,
      "data": {
        "modelType": "MODELI",
        "dataSetName": "alarm_data",
        "modelConfigName": "model1",
        "dataRange": "01",
        "frequency": "hours",
        "schedule_from": "2021-02-21 06:30:00 UTC",
        "interval_time": ""
      },
      "interval_time": 0
    },
    {
      "id": "6031fdda7d215200010f4084",
      "schedule_name": "page-test-53",
      "schedule_id": "6031fdda7d215200010f4084",
      "job_type": "TRAINING",
      "schedule_status": "COMPLETED",
      "job_status": "ACTIVE",
      "schedule_from": "2021-02-21 06:31:00 UTC",
      "schedule_to": "2021-02-21 06:31:00 UTC",
      "created_ts": 1613888986571,
      "schedule_day": "",
      "recur_on": "ONETIME",
      "no_of_recurrence": 0,
      "last_run": 1613889060000,
      "next_run": 0,
      "data": {
        "modelType": "MODELI",
        "dataSetName": "alarm_data",
        "modelConfigName": "model1",
        "dataRange": "01",
        "frequency": "hours",
        "schedule_from": "2021-02-21 06:31:00 UTC",
        "interval_time": ""
      },
      "interval_time": 0
    },
    {
      "id": "6031fe077d215200010f4085",
      "schedule_name": "page-test-54",
      "schedule_id": "6031fe077d215200010f4085",
      "job_type": "TRAINING",
      "schedule_status": "COMPLETED",
      "job_status": "ACTIVE",
      "schedule_from": "2021-02-21 06:32:00 UTC",
      "schedule_to": "2021-02-21 06:32:00 UTC",
      "created_ts": 1613889031580,
      "schedule_day": "",
      "recur_on": "ONETIME",
      "no_of_recurrence": 0,
      "last_run": 1613889120000,
      "next_run": 0,
      "data": {
        "modelType": "MODELI",
        "dataSetName": "alarm_data",
        "modelConfigName": "model1",
        "dataRange": "01",
        "frequency": "hours",
        "schedule_from": "2021-02-21 06:32:00 UTC",
        "interval_time": ""
      },
      "interval_time": 0
    },
    {
      "id": "6031fe247d215200010f4086",
      "schedule_name": "page-test-55",
      "schedule_id": "6031fe247d215200010f4086",
      "job_type": "TRAINING",
      "schedule_status": "COMPLETED",
      "job_status": "ACTIVE",
      "schedule_from": "2021-02-21 06:32:00 UTC",
      "schedule_to": "2021-02-21 06:32:00 UTC",
      "created_ts": 1613889060091,
      "schedule_day": "",
      "recur_on": "ONETIME",
      "no_of_recurrence": 0,
      "last_run": 1613889120000,
      "next_run": 0,
      "data": {
        "modelType": "MODELI",
        "dataSetName": "alarm_data",
        "modelConfigName": "model1",
        "dataRange": "01",
        "frequency": "hours",
        "schedule_from": "2021-02-21 06:32:00 UTC",
        "interval_time": ""
      },
      "interval_time": 0
    },
    {
      "id": "6031fe467d215200010f4087",
      "schedule_name": "page-test-56",
      "schedule_id": "6031fe467d215200010f4087",
      "job_type": "TRAINING",
      "schedule_status": "COMPLETED",
      "job_status": "ACTIVE",
      "schedule_from": "2021-02-21 06:34:00 UTC",
      "schedule_to": "2021-02-21 06:34:00 UTC",
      "created_ts": 1613889094477,
      "schedule_day": "",
      "recur_on": "ONETIME",
      "no_of_recurrence": 0,
      "last_run": 1613889240000,
      "next_run": 0,
      "data": {
        "modelType": "MODELI",
        "dataSetName": "alarm_data",
        "modelConfigName": "model1",
        "dataRange": "01",
        "frequency": "hours",
        "schedule_from": "2021-02-21 06:34:00 UTC",
        "interval_time": ""
      },
      "interval_time": 0
    },
    {
      "id": "6031fe677d215200010f4088",
      "schedule_name": "page-test-57",
      "schedule_id": "6031fe677d215200010f4088",
      "job_type": "TRAINING",
      "schedule_status": "COMPLETED",
      "job_status": "ACTIVE",
      "schedule_from": "2021-02-21 06:33:00 UTC",
      "schedule_to": "2021-02-21 06:33:00 UTC",
      "created_ts": 1613889127575,
      "schedule_day": "",
      "recur_on": "ONETIME",
      "no_of_recurrence": 0,
      "last_run": 1613889180000,
      "next_run": 0,
      "data": {
        "modelType": "MODELI",
        "dataSetName": "alarm_data",
        "modelConfigName": "model1",
        "dataRange": "01",
        "frequency": "hours",
        "schedule_from": "2021-02-21 06:33:00 UTC",
        "interval_time": ""
      },
      "interval_time": 0
    },
    {
      "id": "6031fe8a7d215200010f4089",
      "schedule_name": "page-test-58",
      "schedule_id": "6031fe8a7d215200010f4089",
      "job_type": "TRAINING",
      "schedule_status": "COMPLETED",
      "job_status": "ACTIVE",
      "schedule_from": "2021-02-21 06:34:00 UTC",
      "schedule_to": "2021-02-21 06:34:00 UTC",
      "created_ts": 1613889162084,
      "schedule_day": "",
      "recur_on": "ONETIME",
      "no_of_recurrence": 0,
      "last_run": 1613889240000,
      "next_run": 0,
      "data": {
        "modelType": "MODELI",
        "dataSetName": "alarm_data",
        "modelConfigName": "model1",
        "dataRange": "01",
        "frequency": "hours",
        "schedule_from": "2021-02-21 06:34:00 UTC",
        "interval_time": ""
      },
      "interval_time": 0
    },
    {
      "id": "6031fec87d215200010f408a",
      "schedule_name": "page-test-59",
      "schedule_id": "6031fec87d215200010f408a",
      "job_type": "TRAINING",
      "schedule_status": "COMPLETED",
      "job_status": "ACTIVE",
      "schedule_from": "2021-02-21 06:35:00 UTC",
      "schedule_to": "2021-02-21 06:35:00 UTC",
      "created_ts": 1613889224309,
      "schedule_day": "",
      "recur_on": "ONETIME",
      "no_of_recurrence": 0,
      "last_run": 1613889300000,
      "next_run": 0,
      "data": {
        "modelType": "MODELI",
        "dataSetName": "alarm_data",
        "modelConfigName": "model1",
        "dataRange": "01",
        "frequency": "hours",
        "schedule_from": "2021-02-21 06:35:00 UTC",
        "interval_time": ""
      },
      "interval_time": 0
    },
    {
      "id": "6031fef17d215200010f408b",
      "schedule_name": "page-test-60",
      "schedule_id": "6031fef17d215200010f408b",
      "job_type": "TRAINING",
      "schedule_status": "COMPLETED",
      "job_status": "ACTIVE",
      "schedule_from": "2021-02-21 06:36:00 UTC",
      "schedule_to": "2021-02-21 06:36:00 UTC",
      "created_ts": 1613889265367,
      "schedule_day": "",
      "recur_on": "ONETIME",
      "no_of_recurrence": 0,
      "last_run": 1613889360000,
      "next_run": 0,
      "data": {
        "modelType": "MODELI",
        "dataSetName": "alarm_data",
        "modelConfigName": "model1",
        "dataRange": "01",
        "frequency": "hours",
        "schedule_from": "2021-02-21 06:36:00 UTC",
        "interval_time": ""
      },
      "interval_time": 0
    },
    {
      "id": "6031ffc57d215200010f408d",
      "schedule_name": "page-test-61",
      "schedule_id": "6031ffc57d215200010f408d",
      "job_type": "TRAINING",
      "schedule_status": "COMPLETED",
      "job_status": "ACTIVE",
      "schedule_from": "2021-02-21 06:40:00 UTC",
      "schedule_to": "2021-02-21 06:40:00 UTC",
      "created_ts": 1613889477878,
      "schedule_day": "",
      "recur_on": "ONETIME",
      "no_of_recurrence": 0,
      "last_run": 1613889600000,
      "next_run": 0,
      "data": {
        "modelType": "MODELI",
        "dataSetName": "alarm_data",
        "modelConfigName": "model1",
        "dataRange": "01",
        "frequency": "hours",
        "schedule_from": "2021-02-21 06:40:00 UTC",
        "interval_time": ""
      },
      "interval_time": 0
    },
    {
      "id": "6031ffe67d215200010f408e",
      "schedule_name": "page-test-62",
      "schedule_id": "6031ffe67d215200010f408e",
      "job_type": "TRAINING",
      "schedule_status": "COMPLETED",
      "job_status": "ACTIVE",
      "schedule_from": "2021-02-21 06:40:00 UTC",
      "schedule_to": "2021-02-21 06:40:00 UTC",
      "created_ts": 1613889510692,
      "schedule_day": "",
      "recur_on": "ONETIME",
      "no_of_recurrence": 0,
      "last_run": 1613889600000,
      "next_run": 0,
      "data": {
        "modelType": "MODELI",
        "dataSetName": "alarm_data",
        "modelConfigName": "model1",
        "dataRange": "01",
        "frequency": "hours",
        "schedule_from": "2021-02-21 06:40:00 UTC",
        "interval_time": ""
      },
      "interval_time": 0
    },
    {
      "id": "6032000f7d215200010f408f",
      "schedule_name": "page-test-63",
      "schedule_id": "6032000f7d215200010f408f",
      "job_type": "TRAINING",
      "schedule_status": "COMPLETED",
      "job_status": "ACTIVE",
      "schedule_from": "2021-02-21 06:40:00 UTC",
      "schedule_to": "2021-02-21 06:40:00 UTC",
      "created_ts": 1613889551319,
      "schedule_day": "",
      "recur_on": "ONETIME",
      "no_of_recurrence": 0,
      "last_run": 1613889600000,
      "next_run": 0,
      "data": {
        "modelType": "MODELI",
        "dataSetName": "alarm_data",
        "modelConfigName": "model1",
        "dataRange": "01",
        "frequency": "hours",
        "schedule_from": "2021-02-21 06:40:00 UTC",
        "interval_time": ""
      },
      "interval_time": 0
    },
    {
      "id": "603200397d215200010f4090",
      "schedule_name": "page-test-64",
      "schedule_id": "603200397d215200010f4090",
      "job_type": "TRAINING",
      "schedule_status": "COMPLETED",
      "job_status": "ACTIVE",
      "schedule_from": "2021-02-21 06:41:00 UTC",
      "schedule_to": "2021-02-21 06:41:00 UTC",
      "created_ts": 1613889593183,
      "schedule_day": "",
      "recur_on": "ONETIME",
      "no_of_recurrence": 0,
      "last_run": 1613889660000,
      "next_run": 0,
      "data": {
        "modelType": "MODELI",
        "dataSetName": "alarm_data",
        "modelConfigName": "model1",
        "dataRange": "01",
        "frequency": "hours",
        "schedule_from": "2021-02-21 06:41:00 UTC",
        "interval_time": ""
      },
      "interval_time": 0
    },
    {
      "id": "603200b67d215200010f4092",
      "schedule_name": "page-test-65",
      "schedule_id": "603200b67d215200010f4092",
      "job_type": "TRAINING",
      "schedule_status": "COMPLETED",
      "job_status": "ACTIVE",
      "schedule_from": "2021-02-21 06:43:00 UTC",
      "schedule_to": "2021-02-21 06:43:00 UTC",
      "created_ts": 1613889718892,
      "schedule_day": "",
      "recur_on": "ONETIME",
      "no_of_recurrence": 0,
      "last_run": 1613889780000,
      "next_run": 0,
      "data": {
        "modelType": "MODELI",
        "dataSetName": "alarm_data",
        "modelConfigName": "model1",
        "dataRange": "01",
        "frequency": "hours",
        "schedule_from": "2021-02-21 06:43:00 UTC",
        "interval_time": ""
      },
      "interval_time": 0
    },
    {
      "id": "6032011e7d215200010f4094",
      "schedule_name": "page-test-66",
      "schedule_id": "6032011e7d215200010f4094",
      "job_type": "TRAINING",
      "schedule_status": "COMPLETED",
      "job_status": "ACTIVE",
      "schedule_from": "2021-02-21 06:44:00 UTC",
      "schedule_to": "2021-02-21 06:44:00 UTC",
      "created_ts": 1613889822380,
      "schedule_day": "",
      "recur_on": "ONETIME",
      "no_of_recurrence": 0,
      "last_run": 1613889840000,
      "next_run": 0,
      "data": {
        "modelType": "MODELI",
        "dataSetName": "alarm_data",
        "modelConfigName": "model1",
        "dataRange": "01",
        "frequency": "hours",
        "schedule_from": "2021-02-21 06:44:00 UTC",
        "interval_time": ""
      },
      "interval_time": 0
    },
    {
      "id": "603201407d215200010f4095",
      "schedule_name": "page-test-67",
      "schedule_id": "603201407d215200010f4095",
      "job_type": "TRAINING",
      "schedule_status": "COMPLETED",
      "job_status": "ACTIVE",
      "schedule_from": "2021-02-21 06:46:00 UTC",
      "schedule_to": "2021-02-21 06:46:00 UTC",
      "created_ts": 1613889856973,
      "schedule_day": "",
      "recur_on": "ONETIME",
      "no_of_recurrence": 0,
      "last_run": 1613889960000,
      "next_run": 0,
      "data": {
        "modelType": "MODELI",
        "dataSetName": "alarm_data",
        "modelConfigName": "model1",
        "dataRange": "01",
        "frequency": "hours",
        "schedule_from": "2021-02-21 06:46:00 UTC",
        "interval_time": ""
      },
      "interval_time": 0
    },
    {
      "id": "603201657d215200010f4096",
      "schedule_name": "page-test-69",
      "schedule_id": "603201657d215200010f4096",
      "job_type": "TRAINING",
      "schedule_status": "COMPLETED",
      "job_status": "ACTIVE",
      "schedule_from": "2021-02-21 06:46:00 UTC",
      "schedule_to": "2021-02-21 06:46:00 UTC",
      "created_ts": 1613889893169,
      "schedule_day": "",
      "recur_on": "ONETIME",
      "no_of_recurrence": 0,
      "last_run": 1613889960000,
      "next_run": 0,
      "data": {
        "modelType": "MODELI",
        "dataSetName": "alarm_data",
        "modelConfigName": "model1",
        "dataRange": "01",
        "frequency": "hours",
        "schedule_from": "2021-02-21 06:46:00 UTC",
        "interval_time": ""
      },
      "interval_time": 0
    },
    {
      "id": "6032024d7d215200010f4097",
      "schedule_name": "page-test-70",
      "schedule_id": "6032024d7d215200010f4097",
      "job_type": "TRAINING",
      "schedule_status": "COMPLETED",
      "job_status": "ACTIVE",
      "schedule_from": "2021-02-21 06:50:00 UTC",
      "schedule_to": "2021-02-21 06:50:00 UTC",
      "created_ts": 1613890125511,
      "schedule_day": "",
      "recur_on": "ONETIME",
      "no_of_recurrence": 0,
      "last_run": 1613890200000,
      "next_run": 0,
      "data": {
        "modelType": "MODELI",
        "dataSetName": "alarm_data",
        "modelConfigName": "model1",
        "dataRange": "01",
        "frequency": "hours",
        "schedule_from": "2021-02-21 06:50:00 UTC",
        "interval_time": ""
      },
      "interval_time": 0
    },
    {
      "id": "6032026c7d215200010f4098",
      "schedule_name": "page-test-68",
      "schedule_id": "6032026c7d215200010f4098",
      "job_type": "TRAINING",
      "schedule_status": "COMPLETED",
      "job_status": "ACTIVE",
      "schedule_from": "2021-02-21 06:50:00 UTC",
      "schedule_to": "2021-02-21 06:50:00 UTC",
      "created_ts": 1613890156404,
      "schedule_day": "",
      "recur_on": "ONETIME",
      "no_of_recurrence": 0,
      "last_run": 1613890200000,
      "next_run": 0,
      "data": {
        "modelType": "MODELI",
        "dataSetName": "alarm_data",
        "modelConfigName": "model1",
        "dataRange": "01",
        "frequency": "hours",
        "schedule_from": "2021-02-21 06:50:00 UTC",
        "interval_time": ""
      },
      "interval_time": 0
    },
    {
      "id": "6032028e7d215200010f4099",
      "schedule_name": "page-test-71",
      "schedule_id": "6032028e7d215200010f4099",
      "job_type": "TRAINING",
      "schedule_status": "COMPLETED",
      "job_status": "ACTIVE",
      "schedule_from": "2021-02-21 06:50:00 UTC",
      "schedule_to": "2021-02-21 06:50:00 UTC",
      "created_ts": 1613890190203,
      "schedule_day": "",
      "recur_on": "ONETIME",
      "no_of_recurrence": 0,
      "last_run": 1613890200000,
      "next_run": 0,
      "data": {
        "modelType": "MODELI",
        "dataSetName": "alarm_data",
        "modelConfigName": "model1",
        "dataRange": "01",
        "frequency": "hours",
        "schedule_from": "2021-02-21 06:50:00 UTC",
        "interval_time": ""
      },
      "interval_time": 0
    },
    {
      "id": "603202b17d215200010f409a",
      "schedule_name": "page-test-72",
      "schedule_id": "603202b17d215200010f409a",
      "job_type": "TRAINING",
      "schedule_status": "COMPLETED",
      "job_status": "ACTIVE",
      "schedule_from": "2021-02-21 06:52:00 UTC",
      "schedule_to": "2021-02-21 06:52:00 UTC",
      "created_ts": 1613890225619,
      "schedule_day": "",
      "recur_on": "ONETIME",
      "no_of_recurrence": 0,
      "last_run": 1613890320000,
      "next_run": 0,
      "data": {
        "modelType": "MODELI",
        "dataSetName": "alarm_data",
        "modelConfigName": "model1",
        "dataRange": "01",
        "frequency": "hours",
        "schedule_from": "2021-02-21 06:52:00 UTC",
        "interval_time": ""
      },
      "interval_time": 0
    },
    {
      "id": "603202db7d215200010f409b",
      "schedule_name": "page-test-73",
      "schedule_id": "603202db7d215200010f409b",
      "job_type": "TRAINING",
      "schedule_status": "COMPLETED",
      "job_status": "ACTIVE",
      "schedule_from": "2021-02-21 06:52:00 UTC",
      "schedule_to": "2021-02-21 06:52:00 UTC",
      "created_ts": 1613890267167,
      "schedule_day": "",
      "recur_on": "ONETIME",
      "no_of_recurrence": 0,
      "last_run": 1613890320000,
      "next_run": 0,
      "data": {
        "modelType": "MODELI",
        "dataSetName": "alarm_data",
        "modelConfigName": "model1",
        "dataRange": "01",
        "frequency": "hours",
        "schedule_from": "2021-02-21 06:52:00 UTC",
        "interval_time": ""
      },
      "interval_time": 0
    },
    {
      "id": "603202fb7d215200010f409c",
      "schedule_name": "page-test-74",
      "schedule_id": "603202fb7d215200010f409c",
      "job_type": "TRAINING",
      "schedule_status": "COMPLETED",
      "job_status": "ACTIVE",
      "schedule_from": "2021-02-21 06:53:00 UTC",
      "schedule_to": "2021-02-21 06:53:00 UTC",
      "created_ts": 1613890299420,
      "schedule_day": "",
      "recur_on": "ONETIME",
      "no_of_recurrence": 0,
      "last_run": 1613890380000,
      "next_run": 0,
      "data": {
        "modelType": "MODELI",
        "dataSetName": "alarm_data",
        "modelConfigName": "model1",
        "dataRange": "01",
        "frequency": "hours",
        "schedule_from": "2021-02-21 06:53:00 UTC",
        "interval_time": ""
      },
      "interval_time": 0
    },
    {
      "id": "603203137d215200010f409d",
      "schedule_name": "page-test-75",
      "schedule_id": "603203137d215200010f409d",
      "job_type": "TRAINING",
      "schedule_status": "COMPLETED",
      "job_status": "ACTIVE",
      "schedule_from": "2021-02-21 06:53:00 UTC",
      "schedule_to": "2021-02-21 06:53:00 UTC",
      "created_ts": 1613890323212,
      "schedule_day": "",
      "recur_on": "ONETIME",
      "no_of_recurrence": 0,
      "last_run": 1613890380000,
      "next_run": 0,
      "data": {
        "modelType": "MODELI",
        "dataSetName": "alarm_data",
        "modelConfigName": "model1",
        "dataRange": "01",
        "frequency": "hours",
        "schedule_from": "2021-02-21 06:53:00 UTC",
        "interval_time": ""
      },
      "interval_time": 0
    },
    {
      "id": "603203317d215200010f409e",
      "schedule_name": "page-test-76",
      "schedule_id": "603203317d215200010f409e",
      "job_type": "TRAINING",
      "schedule_status": "COMPLETED",
      "job_status": "ACTIVE",
      "schedule_from": "2021-02-21 06:54:00 UTC",
      "schedule_to": "2021-02-21 06:54:00 UTC",
      "created_ts": 1613890353081,
      "schedule_day": "",
      "recur_on": "ONETIME",
      "no_of_recurrence": 0,
      "last_run": 1613890440000,
      "next_run": 0,
      "data": {
        "modelType": "MODELI",
        "dataSetName": "alarm_data",
        "modelConfigName": "model1",
        "dataRange": "01",
        "frequency": "hours",
        "schedule_from": "2021-02-21 06:54:00 UTC",
        "interval_time": ""
      },
      "interval_time": 0
    },
    {
      "id": "603203637d215200010f40a1",
      "schedule_name": "page-test-77",
      "schedule_id": "603203637d215200010f40a1",
      "job_type": "TRAINING",
      "schedule_status": "COMPLETED",
      "job_status": "ACTIVE",
      "schedule_from": "2021-02-21 06:55:00 UTC",
      "schedule_to": "2021-02-21 06:55:00 UTC",
      "created_ts": 1613890403986,
      "schedule_day": "",
      "recur_on": "ONETIME",
      "no_of_recurrence": 0,
      "last_run": 1613890500000,
      "next_run": 0,
      "data": {
        "modelType": "MODELI",
        "dataSetName": "alarm_data",
        "modelConfigName": "model1",
        "dataRange": "01",
        "frequency": "hours",
        "schedule_from": "2021-02-21 06:55:00 UTC",
        "interval_time": ""
      },
      "interval_time": 0
    },
    {
      "id": "603203827d215200010f40a2",
      "schedule_name": "page-test-78",
      "schedule_id": "603203827d215200010f40a2",
      "job_type": "TRAINING",
      "schedule_status": "COMPLETED",
      "job_status": "ACTIVE",
      "schedule_from": "2021-02-21 06:55:00 UTC",
      "schedule_to": "2021-02-21 06:55:00 UTC",
      "created_ts": 1613890434497,
      "schedule_day": "",
      "recur_on": "ONETIME",
      "no_of_recurrence": 0,
      "last_run": 1613890500000,
      "next_run": 0,
      "data": {
        "modelType": "MODELI",
        "dataSetName": "alarm_data",
        "modelConfigName": "model1",
        "dataRange": "01",
        "frequency": "hours",
        "schedule_from": "2021-02-21 06:55:00 UTC",
        "interval_time": ""
      },
      "interval_time": 0
    },
    {
      "id": "6032039d7d215200010f40a3",
      "schedule_name": "page-test-79",
      "schedule_id": "6032039d7d215200010f40a3",
      "job_type": "TRAINING",
      "schedule_status": "COMPLETED",
      "job_status": "ACTIVE",
      "schedule_from": "2021-02-21 06:56:00 UTC",
      "schedule_to": "2021-02-21 06:56:00 UTC",
      "created_ts": 1613890461373,
      "schedule_day": "",
      "recur_on": "ONETIME",
      "no_of_recurrence": 0,
      "last_run": 1613890560000,
      "next_run": 0,
      "data": {
        "modelType": "MODELI",
        "dataSetName": "alarm_data",
        "modelConfigName": "model1",
        "dataRange": "01",
        "frequency": "hours",
        "schedule_from": "2021-02-21 06:56:00 UTC",
        "interval_time": ""
      },
      "interval_time": 0
    },
    {
      "id": "603203c27d215200010f40a4",
      "schedule_name": "page-test-80",
      "schedule_id": "603203c27d215200010f40a4",
      "job_type": "TRAINING",
      "schedule_status": "COMPLETED",
      "job_status": "ACTIVE",
      "schedule_from": "2021-02-21 06:56:00 UTC",
      "schedule_to": "2021-02-21 06:56:00 UTC",
      "created_ts": 1613890498730,
      "schedule_day": "",
      "recur_on": "ONETIME",
      "no_of_recurrence": 0,
      "last_run": 1613890560000,
      "next_run": 0,
      "data": {
        "modelType": "MODELI",
        "dataSetName": "alarm_data",
        "modelConfigName": "model1",
        "dataRange": "01",
        "frequency": "hours",
        "schedule_from": "2021-02-21 06:56:00 UTC",
        "interval_time": ""
      },
      "interval_time": 0
    },
    {
      "id": "603203e07d215200010f40a5",
      "schedule_name": "page-test-81",
      "schedule_id": "603203e07d215200010f40a5",
      "job_type": "TRAINING",
      "schedule_status": "COMPLETED",
      "job_status": "ACTIVE",
      "schedule_from": "2021-02-21 06:57:00 UTC",
      "schedule_to": "2021-02-21 06:57:00 UTC",
      "created_ts": 1613890528761,
      "schedule_day": "",
      "recur_on": "ONETIME",
      "no_of_recurrence": 0,
      "last_run": 1613890620000,
      "next_run": 0,
      "data": {
        "modelType": "MODELI",
        "dataSetName": "alarm_data",
        "modelConfigName": "model1",
        "dataRange": "01",
        "frequency": "hours",
        "schedule_from": "2021-02-21 06:57:00 UTC",
        "interval_time": ""
      },
      "interval_time": 0
    },
    {
      "id": "6032040f7d215200010f40a6",
      "schedule_name": "page-test-82",
      "schedule_id": "6032040f7d215200010f40a6",
      "job_type": "TRAINING",
      "schedule_status": "COMPLETED",
      "job_status": "ACTIVE",
      "schedule_from": "2021-02-21 06:57:00 UTC",
      "schedule_to": "2021-02-21 06:57:00 UTC",
      "created_ts": 1613890575685,
      "schedule_day": "",
      "recur_on": "ONETIME",
      "no_of_recurrence": 0,
      "last_run": 1613890620000,
      "next_run": 0,
      "data": {
        "modelType": "MODELI",
        "dataSetName": "alarm_data",
        "modelConfigName": "model1",
        "dataRange": "01",
        "frequency": "hours",
        "schedule_from": "2021-02-21 06:57:00 UTC",
        "interval_time": ""
      },
      "interval_time": 0
    },
    {
      "id": "603204367d215200010f40a7",
      "schedule_name": "page-test-83",
      "schedule_id": "603204367d215200010f40a7",
      "job_type": "TRAINING",
      "schedule_status": "COMPLETED",
      "job_status": "ACTIVE",
      "schedule_from": "2021-02-21 06:58:00 UTC",
      "schedule_to": "2021-02-21 06:58:00 UTC",
      "created_ts": 1613890614596,
      "schedule_day": "",
      "recur_on": "ONETIME",
      "no_of_recurrence": 0,
      "last_run": 1613890680000,
      "next_run": 0,
      "data": {
        "modelType": "MODELI",
        "dataSetName": "alarm_data",
        "modelConfigName": "model1",
        "dataRange": "01",
        "frequency": "hours",
        "schedule_from": "2021-02-21 06:58:00 UTC",
        "interval_time": ""
      },
      "interval_time": 0
    },
    {
      "id": "6032044e7d215200010f40a8",
      "schedule_name": "page-test-84",
      "schedule_id": "6032044e7d215200010f40a8",
      "job_type": "TRAINING",
      "schedule_status": "COMPLETED",
      "job_status": "ACTIVE",
      "schedule_from": "2021-02-21 06:59:00 UTC",
      "schedule_to": "2021-02-21 06:59:00 UTC",
      "created_ts": 1613890638298,
      "schedule_day": "",
      "recur_on": "ONETIME",
      "no_of_recurrence": 0,
      "last_run": 1613890740000,
      "next_run": 0,
      "data": {
        "modelType": "MODELI",
        "dataSetName": "alarm_data",
        "modelConfigName": "model1",
        "dataRange": "01",
        "frequency": "hours",
        "schedule_from": "2021-02-21 06:59:00 UTC",
        "interval_time": ""
      },
      "interval_time": 0
    },
    {
      "id": "6032046f7d215200010f40a9",
      "schedule_name": "page-test-85",
      "schedule_id": "6032046f7d215200010f40a9",
      "job_type": "TRAINING",
      "schedule_status": "COMPLETED",
      "job_status": "ACTIVE",
      "schedule_from": "2021-02-21 06:59:00 UTC",
      "schedule_to": "2021-02-21 06:59:00 UTC",
      "created_ts": 1613890671926,
      "schedule_day": "",
      "recur_on": "ONETIME",
      "no_of_recurrence": 0,
      "last_run": 1613890740000,
      "next_run": 0,
      "data": {
        "modelType": "MODELI",
        "dataSetName": "alarm_data",
        "modelConfigName": "model1",
        "dataRange": "01",
        "frequency": "hours",
        "schedule_from": "2021-02-21 06:59:00 UTC",
        "interval_time": ""
      },
      "interval_time": 0
    },
    {
      "id": "603204937d215200010f40aa",
      "schedule_name": "page-test-86",
      "schedule_id": "603204937d215200010f40aa",
      "job_type": "TRAINING",
      "schedule_status": "COMPLETED",
      "job_status": "ACTIVE",
      "schedule_from": "2021-02-21 06:59:00 UTC",
      "schedule_to": "2021-02-21 06:59:00 UTC",
      "created_ts": 1613890707735,
      "schedule_day": "",
      "recur_on": "ONETIME",
      "no_of_recurrence": 0,
      "last_run": 1613890740000,
      "next_run": 0,
      "data": {
        "modelType": "MODELI",
        "dataSetName": "alarm_data",
        "modelConfigName": "model1",
        "dataRange": "01",
        "frequency": "hours",
        "schedule_from": "2021-02-21 06:59:00 UTC",
        "interval_time": ""
      },
      "interval_time": 0
    },
    {
      "id": "603204d77d215200010f40ac",
      "schedule_name": "page-test-87",
      "schedule_id": "603204d77d215200010f40ac",
      "job_type": "TRAINING",
      "schedule_status": "COMPLETED",
      "job_status": "ACTIVE",
      "schedule_from": "2021-02-21 07:05:00 UTC",
      "schedule_to": "2021-02-21 07:05:00 UTC",
      "created_ts": 1613890775379,
      "schedule_day": "",
      "recur_on": "ONETIME",
      "no_of_recurrence": 0,
      "last_run": 1613891100000,
      "next_run": 0,
      "data": {
        "modelType": "MODELI",
        "dataSetName": "alarm_data",
        "modelConfigName": "model1",
        "dataRange": "01",
        "frequency": "hours",
        "schedule_from": "2021-02-21 07:05:00 UTC",
        "interval_time": ""
      },
      "interval_time": 0
    },
    {
      "id": "6032052b7d215200010f40ad",
      "schedule_name": "page-test-88",
      "schedule_id": "6032052b7d215200010f40ad",
      "job_type": "TRAINING",
      "schedule_status": "COMPLETED",
      "job_status": "ACTIVE",
      "schedule_from": "2021-02-21 07:02:00 UTC",
      "schedule_to": "2021-02-21 07:02:00 UTC",
      "created_ts": 1613890859163,
      "schedule_day": "",
      "recur_on": "ONETIME",
      "no_of_recurrence": 0,
      "last_run": 1613890920000,
      "next_run": 0,
      "data": {
        "modelType": "MODELI",
        "dataSetName": "alarm_data",
        "modelConfigName": "model1",
        "dataRange": "01",
        "frequency": "hours",
        "schedule_from": "2021-02-21 07:02:00 UTC",
        "interval_time": ""
      },
      "interval_time": 0
    },
    {
      "id": "6032054d7d215200010f40ae",
      "schedule_name": "page-test-89",
      "schedule_id": "6032054d7d215200010f40ae",
      "job_type": "TRAINING",
      "schedule_status": "COMPLETED",
      "job_status": "ACTIVE",
      "schedule_from": "2021-02-21 07:03:00 UTC",
      "schedule_to": "2021-02-21 07:03:00 UTC",
      "created_ts": 1613890893439,
      "schedule_day": "",
      "recur_on": "ONETIME",
      "no_of_recurrence": 0,
      "last_run": 1613890980000,
      "next_run": 0,
      "data": {
        "modelType": "MODELI",
        "dataSetName": "alarm_data",
        "modelConfigName": "model1",
        "dataRange": "01",
        "frequency": "hours",
        "schedule_from": "2021-02-21 07:03:00 UTC",
        "interval_time": ""
      },
      "interval_time": 0
    },
    {
      "id": "603205797d215200010f40af",
      "schedule_name": "page-test-90",
      "schedule_id": "603205797d215200010f40af",
      "job_type": "TRAINING",
      "schedule_status": "COMPLETED",
      "job_status": "ACTIVE",
      "schedule_from": "2021-02-21 07:03:00 UTC",
      "schedule_to": "2021-02-21 07:03:00 UTC",
      "created_ts": 1613890937579,
      "schedule_day": "",
      "recur_on": "ONETIME",
      "no_of_recurrence": 0,
      "last_run": 1613890980000,
      "next_run": 0,
      "data": {
        "modelType": "MODELI",
        "dataSetName": "alarm_data",
        "modelConfigName": "model1",
        "dataRange": "01",
        "frequency": "hours",
        "schedule_from": "2021-02-21 07:03:00 UTC",
        "interval_time": ""
      },
      "interval_time": 0
    },
    {
      "id": "603205997d215200010f40b0",
      "schedule_name": "page-test-91",
      "schedule_id": "603205997d215200010f40b0",
      "job_type": "TRAINING",
      "schedule_status": "COMPLETED",
      "job_status": "ACTIVE",
      "schedule_from": "2021-02-21 07:04:00 UTC",
      "schedule_to": "2021-02-21 07:04:00 UTC",
      "created_ts": 1613890969625,
      "schedule_day": "",
      "recur_on": "ONETIME",
      "no_of_recurrence": 0,
      "last_run": 1613891040000,
      "next_run": 0,
      "data": {
        "modelType": "MODELI",
        "dataSetName": "alarm_data",
        "modelConfigName": "model1",
        "dataRange": "01",
        "frequency": "hours",
        "schedule_from": "2021-02-21 07:04:00 UTC",
        "interval_time": ""
      },
      "interval_time": 0
    },
    {
      "id": "603205b67d215200010f40b1",
      "schedule_name": "page-test-92",
      "schedule_id": "603205b67d215200010f40b1",
      "job_type": "TRAINING",
      "schedule_status": "COMPLETED",
      "job_status": "ACTIVE",
      "schedule_from": "2021-02-21 07:05:00 UTC",
      "schedule_to": "2021-02-21 07:05:00 UTC",
      "created_ts": 1613890998368,
      "schedule_day": "",
      "recur_on": "ONETIME",
      "no_of_recurrence": 0,
      "last_run": 1613891100000,
      "next_run": 0,
      "data": {
        "modelType": "MODELI",
        "dataSetName": "alarm_data",
        "modelConfigName": "model1",
        "dataRange": "01",
        "frequency": "hours",
        "schedule_from": "2021-02-21 07:05:00 UTC",
        "interval_time": ""
      },
      "interval_time": 0
    },
    {
      "id": "603205da7d215200010f40b2",
      "schedule_name": "page-test-93",
      "schedule_id": "603205da7d215200010f40b2",
      "job_type": "TRAINING",
      "schedule_status": "COMPLETED",
      "job_status": "ACTIVE",
      "schedule_from": "2021-02-21 07:05:00 UTC",
      "schedule_to": "2021-02-21 07:05:00 UTC",
      "created_ts": 1613891034238,
      "schedule_day": "",
      "recur_on": "ONETIME",
      "no_of_recurrence": 0,
      "last_run": 1613891100000,
      "next_run": 0,
      "data": {
        "modelType": "MODELI",
        "dataSetName": "alarm_data",
        "modelConfigName": "model1",
        "dataRange": "01",
        "frequency": "hours",
        "schedule_from": "2021-02-21 07:05:00 UTC",
        "interval_time": ""
      },
      "interval_time": 0
    },
    {
      "id": "603205f27d215200010f40b3",
      "schedule_name": "page-test-94",
      "schedule_id": "603205f27d215200010f40b3",
      "job_type": "TRAINING",
      "schedule_status": "COMPLETED",
      "job_status": "ACTIVE",
      "schedule_from": "2021-02-21 07:05:00 UTC",
      "schedule_to": "2021-02-21 07:05:00 UTC",
      "created_ts": 1613891058833,
      "schedule_day": "",
      "recur_on": "ONETIME",
      "no_of_recurrence": 0,
      "last_run": 1613891100000,
      "next_run": 0,
      "data": {
        "modelType": "MODELI",
        "dataSetName": "alarm_data",
        "modelConfigName": "model1",
        "dataRange": "01",
        "frequency": "hours",
        "schedule_from": "2021-02-21 07:05:00 UTC",
        "interval_time": ""
      },
      "interval_time": 0
    },
    {
      "id": "603468b27d215200010f40b4",
      "schedule_name": "test1_am1",
      "schedule_id": "603468b27d215200010f40b4",
      "job_type": "TRAINING",
      "schedule_status": "COMPLETED",
      "job_status": "ACTIVE",
      "schedule_from": "2021-02-25 15:30:00 UTC",
      "schedule_to": "2021-02-25 15:30:00 UTC",
      "created_ts": 1614047410228,
      "schedule_day": "",
      "recur_on": "ONETIME",
      "no_of_recurrence": 0,
      "last_run": 1614267000000,
      "next_run": 0,
      "data": {
        "modelType": "MODELI",
        "dataSetName": "alarm_data",
        "modelConfigName": "model1",
        "dataRange": 500000000,
        "frequency": "hours",
        "schedule_from": "2021-02-25 15:30:00 UTC",
        "interval_time": ""
      },
      "interval_time": 0
    },
    {
      "id": "603468ce7d215200010f40b5",
      "schedule_name": "test1_am2",
      "schedule_id": "603468ce7d215200010f40b5",
      "job_type": "TRAINING",
      "schedule_status": "COMPLETED",
      "job_status": "ACTIVE",
      "schedule_from": "2021-02-23 02:32:00 UTC",
      "schedule_to": "2021-02-23 02:32:00 UTC",
      "created_ts": 1614047438895,
      "schedule_day": "",
      "recur_on": "ONETIME",
      "no_of_recurrence": 0,
      "last_run": 1614047520000,
      "next_run": 0,
      "data": {
        "modelType": "MODELII",
        "dataSetName": "alarm_data",
        "modelConfigName": "model2",
        "dataRange": 500,
        "frequency": "hours",
        "schedule_from": "2021-02-23 02:32:00 UTC",
        "interval_time": ""
      },
      "interval_time": 0
    },
    {
      "id": "6034b1037d215200010f40b6",
      "schedule_name": "Test-task",
      "schedule_id": "6034b1037d215200010f40b6",
      "job_type": "TRAINING",
      "schedule_status": "TRIGGERED",
      "job_status": "ACTIVE",
      "schedule_from": "2021-02-23 07:43:00 UTC",
      "schedule_to": "",
      "created_ts": 1614065923984,
      "schedule_day": "",
      "recur_on": "DAILY",
      "no_of_recurrence": 0,
      "last_run": 1614325380000,
      "next_run": 1614411780000,
      "data": {
        "modelType": "MODELI",
        "dataSetName": "alarm_data",
        "modelConfigName": "model1",
        "dataRange": "01",
        "frequency": "hours",
        "schedule_from": "2021-02-23 07:43:00 UTC",
        "interval_time": ""
      },
      "interval_time": 0
    },
    {
      "id": "6034b86e7d215200010f40b7",
      "schedule_name": "sample",
      "schedule_id": "6034b86e7d215200010f40b7",
      "job_type": "TRAINING",
      "schedule_status": "SCHEDULED",
      "job_status": "ACTIVE",
      "schedule_from": "2021-02-23 08:07:00 UTC",
      "schedule_to": "",
      "created_ts": 1614067822797,
      "schedule_day": "SUN",
      "recur_on": "WEEKLY",
      "no_of_recurrence": 0,
      "last_run": 0,
      "next_run": 1614499620000,
      "data": {
        "modelType": "MODELI",
        "dataSetName": "alarm_data",
        "modelConfigName": "model1",
        "dataRange": "01",
        "frequency": "hours",
        "schedule_from": "2021-02-23 08:07:00 UTC",
        "interval_time": ""
      },
      "interval_time": 0
    },
    {
      "id": "6034bf137d215200010f40b8",
      "schedule_name": "as",
      "schedule_id": "6034bf137d215200010f40b8",
      "job_type": "TRAINING",
      "schedule_status": "SCHEDULED",
      "job_status": "ACTIVE",
      "schedule_from": "2021-02-23 08:36:00 UTC",
      "schedule_to": "2021-02-23 08:36:00 UTC",
      "created_ts": 1614069523285,
      "schedule_day": "",
      "recur_on": "ONETIME",
      "no_of_recurrence": 0,
      "last_run": 0,
      "next_run": 1614069360000,
      "data": {
        "modelType": "MODELI",
        "dataSetName": "alarm_data",
        "modelConfigName": "model1",
        "dataRange": "01",
        "frequency": "hours",
        "schedule_from": "2021-02-23 08:36:00 UTC",
        "interval_time": ""
      },
      "interval_time": 0
    },
    {
      "id": "6036374e7d215200010f40b9",
      "schedule_name": "new-task-test",
      "schedule_id": "6036374e7d215200010f40b9",
      "job_type": "TRAINING",
      "schedule_status": "COMPLETED",
      "job_status": "ACTIVE",
      "schedule_from": "2021-02-24 11:25:00 UTC",
      "schedule_to": "2021-02-25 11:25:00 UTC",
      "created_ts": 1614165838303,
      "schedule_day": "",
      "recur_on": "ONETIME",
      "no_of_recurrence": 0,
      "last_run": 1614165900000,
      "next_run": 0,
      "data": {
        "modelType": "MODELI",
        "dataSetName": "alarm_data",
        "modelConfigName": "model1",
        "dataRange": "01",
        "frequency": "hours",
        "schedule_from": "2021-02-24 11:25:00 UTC",
        "interval_time": ""
      },
      "interval_time": 0
    },
    {
      "id": "6036c0ad7d215200010f40ba",
      "schedule_name": "1614201018941:494026a7-9d07-49d6-86a6-d13a637689fc",
      "schedule_id": "6036c0ad7d215200010f40ba",
      "job_type": "EXECUTION",
      "schedule_status": "TRIGGERED",
      "job_status": "ACTIVE",
      "schedule_from": "2021-2-24 21:10:00 UTC",
      "schedule_to": "",
      "created_ts": 1614201005807,
      "schedule_day": null,
      "recur_on": "SECOND",
      "no_of_recurrence": 0,
      "last_run": 1614340445000,
      "next_run": 1614340450000,
      "data": {
        "modelType": "FORECAST",
        "methodName": "forecastSelectionProcesingTable",
        "interval_time": 5
      },
      "interval_time": 5
    },
    {
      "id": "6036c59b7d215200010f40bb",
      "schedule_name": "1614202280190:24c32dc7-b72a-400c-9ce2-d7e9c34e89f2",
      "schedule_id": "6036c59b7d215200010f40bb",
      "job_type": "EXECUTION",
      "schedule_status": "TRIGGERED",
      "job_status": "ACTIVE",
      "schedule_from": "2021-2-24 21:31:00 UTC",
      "schedule_to": "2021-2-26 12:50:00 UTC",
      "created_ts": 1614202267018,
      "schedule_day": null,
      "recur_on": "SECOND",
      "no_of_recurrence": 0,
      "last_run": 1614340445000,
      "next_run": 1614340450000,
      "data": {
        "modelType": "FORECAST",
        "methodName": "forecastSelectionProcesingTable",
        "interval_time": 5
      },
      "interval_time": 5
    },
    {
      "id": "603782977d215200010f40bd",
      "schedule_name": "sampleview",
      "schedule_id": "603782977d215200010f40bd",
      "job_type": "TRAINING",
      "schedule_status": "SCHEDULED",
      "job_status": "ACTIVE",
      "schedule_from": "2021-02-25 10:57:00 UTC",
      "schedule_to": "2021-02-26 10:57:00 UTC",
      "created_ts": 1614250647411,
      "schedule_day": "",
      "recur_on": "ONETIME",
      "no_of_recurrence": 0,
      "last_run": 0,
      "next_run": 1614250620000,
      "data": {
        "modelType": "MODELI",
        "dataSetName": "alarm_data",
        "modelConfigName": "model1",
        "dataRange": "01",
        "frequency": "hours",
        "schedule_from": "2021-02-25 10:57:00 UTC",
        "interval_time": "2021-02-26 10:57:00 UTC"
      },
      "interval_time": 0
    },
    {
      "id": "6037954c7d215200010f40c1",
      "schedule_name": "1614255450805:7d17d324",
      "schedule_id": null,
      "job_type": "EXECUTION",
      "schedule_status": "TRIGGERED",
      "job_status": "ACTIVE",
      "schedule_from": "2021-2-25 12:17:00 UTC",
      "schedule_to": "2021-2-26 18:17:00 UTC",
      "created_ts": 1614255436474,
      "schedule_day": null,
      "recur_on": "SECOND",
      "no_of_recurrence": 0,
      "last_run": 1614340445000,
      "next_run": 1614340450000,
      "data": {
        "modelType": "FORECAST",
        "methodName": "forecastSelectionProcesingTable",
        "interval_time": 5
      },
      "interval_time": 5
    }
  ]
}