{
  "status": "success",
  "data": {
    "uid": "600c636c6af10a69a8c5f007",
    "scheduleId": "600c4a235899470001709887",
    "scheduleName": "m2t1",
    "jobStatus": "COMPLETED",
    "jobType": "TRAINING",
    "modelConfigName": "model2",
    "modelType": "MODELII",
    "dataSetName": "alarm_data",
    "dataRange": "2021-01-07T01:57Z-2021-01-23T17:57Z",
    "progress": "6/6 : Training Completed",
    "startTime": "2021-01-23T17:58Z",
    "timeUsed": "15 seconds",
    "numberOfComponents": ["9"],
    "cpuUsage": "0.25",
    "cpuMemoryUsage": "0.1630859375",
    "gpuUsage": null,
    "gpuMemoryUsage": null,
    "accuracy": [null],
    "lossFunction": "mse",
    "loss": [0.0, 0.0, 0.0, 0.0, 0.0, 1.5491442e-31],
    "numberofObservation": "36067",
    "featureImportance": {
      "STLP3@LOS": "-0.16358817748047505",
      "STLP2@LOS": "-0.02053337797097124",
      "RICP1@RTH": "0.04930973652685833",
      "RICP2@BER": "0.07072743734450715",
      "HOUP3@LOF": "0.1926420044563994",
      "RICP1@LOS": "-0.03512270305012558",
      "HOUP3@POSH": "-0.13479264626342863",
      "STLP1@LOS": "-0.02854153863233768",
      "HOUP4@BER": "-0.012891806319196808",
      "HOUP2@LOA": "0.012086103669585194"
    },
    "fromTime": "2021-01-07T01:57Z",
    "toTime": "2021-01-23T17:57Z",
    "modelName": "m2t1_2021-01-07T01:57Z_2021-01-23T17:57Z_Standard_model.sav",
    "scalerName": "m2t1_2021-01-07T01:57Z_2021-01-23T17:57Z_Standard_scaler.sav",
    "encoderName": "_LabelEncoder_encoder.p",
    "validationLoss": ["NA"],
    "validatonAcurracy": ["NA"]
  }
}
