{
  "status": "success",
  "data": [
    {
      "id": "5fbe1343cf20c248346b4cfa",
      "anomalyI": {
        "encoders": [
          "None",
          "Label",
          "One-hot"
        ],
        "scalers": [
          "None",
          "Standard",
          "Minmax",
          "Normalizer"
        ],
        "optimizers": [
          "sgd",
          "adam",
          "adadeita",
          "adagrad"
        ],
        "activations": [
          "relu",
          "sigmoid",
          "tanh",
          "linear",
          "hard_sigmoid"
        ],
        "decoder_Activations": [
          "relu",
          "sigmoid",
          "tanh",
          "linear",
          "hard_sigmoid"
        ],
        "metrics": [
          "Accuracy",
          "F1"
        ],
        "datasetName": {
          "ABCD": [
            "createdAt2 binary",
            "dLipsum traget_computers_personal_loan_accou",
            "dLipsum traget_computerss_personal_loan_accou",
            "crad eatdedAt binary",
            "crad eatdedAt1 binary"
          ],
          "bcdE": [
            "createdAt2 binary",
            "dLipsum traget_computers_personal_loan_accou",
            "dLipsum traget_computerss_personal_loan_accou",
            "um traget_compuaters_personal_loan_account.gif compress",
            "createdAt1 binary"
          ],
          "XYZA": [
            "createdAt binaryapplication category",
            "createdAt1 binaryapplication category",
            "um traget_computers_personal_loan_account.gif compress",
            "Lipsum traget_computers_personal3_loan_account.gif comp",
            "Lipsum traget_compueters_personal_loan_account.gif comp",
            "createdAt2 binary"
          ],
          "LMNOQ": [
            "Lipsum traget_computers_personal2_loan_account.gif comp",
            "Lipsum traget_computeres_personal_loan_account.gif comp",
            "createdAtr binary",
            "createdAtq binary"
          ],
          "PQRW": [
            "Lipsum traget_computers_personal_loan_account.gif comp",
            "Lipsum traget_computers_psersonal_loan_accosunt.gif comp",
            "createdAt binary",
            "createdAt2 binary",
            "dLipsum traget_computers_personal_loan_accou",
            "dLipsum traget_computerss_personal_loan_accou",
            "crad eatdedAt binary",
            "crad eatdedAt1 binary",
            "aget_computers_personal_loan_account.gif compress",
            "aget_computers_personal_aloan_account.gif compress",
            "createdAt binaryapplication category",
            "createdAt1 binaryapplication category",
            "um traget_computers_personal_loan_account.gif compress",
            "um traget_compuaters_personal_loan_account.gif compress",
            "createdAt1 binary",
            "createdaAt11 binary",
            "Lipsum traget_computers_personal3_loan_account.gif comp",
            "Lipsum traget_compueters_personal_loan_account.gif comp"
          ]
        }
      },
      "anomalyII": {
        "encoders": [
          "None",
          "Label",
          "One-hot"
        ],
        "scalers": [
          "None",
          "Standard",
          "Minmax",
          "Normalizer"
        ],
        "losses": [
          "None",
          "Standard",
          "Label",
          "sigmoid",
          "tanh"
        ],
        "datasetName": {
          "ACD": [
            "createdAt2 binary",
            "dLipsum traget_computers_personal_loan_accou",
            "dLipsum traget_computerss_personal_loan_accou",
            "crad eatdedAt binary",
            "crad eatdedAt1 binary"
          ],
          "bsE": [
            "createdAt2 binary",
            "dLipsum traget_computers_personal_loan_accou",
            "dLipsum traget_computerss_personal_loan_accou",
            "um traget_compuaters_personal_loan_account.gif compress",
            "createdAt1 binary"
          ],
          "XZA": [
            "createdAt binaryapplication category",
            "createdAt1 binaryapplication category",
            "um traget_computers_personal_loan_account.gif compress",
            "Lipsum traget_computers_personal3_loan_account.gif comp",
            "Lipsum traget_compueters_personal_loan_account.gif comp",
            "createdAt2 binary"
          ],
          "LMjOQ": [
            "Lipsum traget_computers_personal2_loan_account.gif comp",
            "Lipsum traget_computeres_personal_loan_account.gif comp",
            "createdAtr binary",
            "createdAtq binary"
          ],
          "PQsRW": [
            "Lipsum traget_computers_personal_loan_account.gif comp",
            "Lipsum traget_computers_psersonal_loan_accosunt.gif comp",
            "createdAt binary",
            "createdAt2 binary",
            "dLipsum traget_computers_personal_loan_accou",
            "dLipsum traget_computerss_personal_loan_accou",
            "crad eatdedAt binary",
            "crad eatdedAt1 binary",
            "aget_computers_personal_loan_account.gif compress",
            "aget_computers_personal_aloan_account.gif compress",
            "createdAt binaryapplication category",
            "createdAt1 binaryapplication category",
            "um traget_computers_personal_loan_account.gif compress",
            "um traget_compuaters_personal_loan_account.gif compress",
            "createdAt1 binary",
            "createdaAt11 binary",
            "Lipsum traget_computers_personal3_loan_account.gif comp",
            "Lipsum traget_compueters_personal_loan_account.gif comp"
          ]
        }
      }
    }
  ]
}