{"status": "success", "data": {"group_details": {"GroupName": "group1", "TotalGroupMembers": 6, "Maximum": 0.09, "Minimum": 0.0, "MeanCorrelation": 0.016, "Median": 0.005, "StandardDeviation": 0.031, "Values": [{"key2": "HOUP3@LOF", "key1": "STLP1@LOS", "value": 0.0}, {"key2": "STLP1@LOS", "key1": "HOUP3@LOF", "value": 0.0}, {"key2": "RICP1@LOS", "key1": "STLP1@LOS", "value": 0.001}, {"key2": "STLP1@LOS", "key1": "RICP1@LOS", "value": 0.001}, {"key2": "HOUP2@LOA", "key1": "HOUP3@LOF", "value": 0.003}, {"key2": "HOUP3@LOF", "key1": "HOUP2@LOA", "value": 0.003}, {"key2": "HOUP2@LOA", "key1": "STLP3@LOS", "value": 0.005}, {"key2": "STLP3@LOS", "key1": "HOUP2@LOA", "value": 0.005}, {"key2": "RICP1@LOS", "key1": "HOUP2@LOA", "value": 0.006}, {"key2": "HOUP2@LOA", "key1": "RICP1@LOS", "value": 0.006}, {"key2": "STLP1@LOS", "key1": "HOUP2@LOA", "value": 0.008}, {"key2": "HOUP2@LOA", "key1": "STLP1@LOS", "value": 0.008}, {"key2": "STLP3@LOS", "key1": "STLP1@LOS", "value": 0.09}, {"key2": "STLP1@LOS", "key1": "STLP3@LOS", "value": 0.09}]}, "status": 200}}