{
    "status": "success",
    "data": [
      {
        "dataId": "1MJF901@1-20-19@OPTMIN@PM_NEAR_END_Tx",
        "sampleTime": 5,
        "ne": "1MJF901",
        "pmType": "OPR",
        "defaultDataRange": "10,20",
        "timeForForwardPrediction": 12,
        "modelConfigName": "OPR",
        "jobStatus": "PAUSED",
        "dataSetName": "pmdata",
        "jobType": "EXECUTION",
        "modelType": "FORECAST"
      } ,{
        "dataId": "2MJF901@1-20-19@OPTMIN@PM_NEAR_END_Tx",
        "sampleTime": 5,
        "ne": "1MJF901",
        "pmType": "OPR",
        "defaultDataRange": "10,20",
        "timeForForwardPrediction": 12,
        "modelConfigName": "OPR",
        "jobStatus": "PAUSED",
        "dataSetName": "pmdata21",
        "jobType": "EXECUTION",
        "modelType": "FORECAST"
      },{
        "dataId": "3MJF901@1-20-19@OPTMIN@PM_NEAR_END_Tx",
        "sampleTime": 5,
        "ne": "1MJF901",
        "pmType": "OPR",
        "defaultDataRange": "10,20",
        "timeForForwardPrediction": 12,
        "modelConfigName": "OPR",
        "jobStatus": "PAUSED",
        "dataSetName": "pmdata213",
        "jobType": "EXECUTION",
        "modelType": "FORECAST"
      }
    ]
}