{
  "status": "success",
  "data": [
    {
      "uid": "5ff891944b2a922f42b033ad",
      "dataId": "1MJF901@1-20-19@OPTMIN@PM_NEAR_END_Tx",
      "modelConfigName": "tesvhvhvhv",
      "timeseriesType": "Online",
      "lossFunction": "Mean Absolute Error",
      "sampleTime": 3,
      "defaultDataRange": "2,20",
      "timeForForwardPrediction": 3,
      "cpuUsage": "0.03",
      "memoryUsage": "0.9952578125",
      "gpuUsage": "0.5",
      "gpuMemoryUsage": "0.7",
      "dataSetName": "pmdata",
      "speed": "0.12206308112929809records/sec",
      "numberOfJobRunning": "999",
      "timeOfRunning": "16:08:21.105874",
      "numberofRecordsProcessed": "7092",
      "jobType": "EXECUTION",
      "modelType": "FORECAST",
      "lossValue": "0.28294217586517334",
      "jobStatus": "Active"
    },
    {
      "uid": "5ff8aae65b80cb28e85ba217",
      "dataId": "1MJF901@1-20-17@OPRMIN@PM_NEAR_END_Rx",
      "modelConfigName": null,
      "timeseriesType": "Online",
      "lossFunction": "Mean Absolute Error",
      "sampleTime": 0,
      "defaultDataRange": null,
      "timeForForwardPrediction": 0,
      "cpuUsage": "0.02",
      "memoryUsage": "0.99596875",
      "gpuUsage": null,
      "gpuMemoryUsage": null,
      "dataSetName": "pmdata",
      "speed": "0.12197863023478597records/sec",
      "numberOfJobRunning": null,
      "timeOfRunning": "14:23:15.957930",
      "numberofRecordsProcessed": "6318",
      "jobType": "EXECUTION",
      "modelType": "FORECAST",
      "lossValue": "0.3270449638366699",
      "jobStatus": null
    },
    {
      "uid": "5ff8c2085e594350b2e86538",
      "dataId": "1MJF901@1-20-17@OPTMAX@PM_NEAR_END_Tx",
      "modelConfigName": "OPR",
      "timeseriesType": "Online",
      "lossFunction": "Mean Absolute Error",
      "sampleTime": 5,
      "defaultDataRange": "11,20",
      "timeForForwardPrediction": 12,
      "cpuUsage": "0.03",
      "memoryUsage": "0.996265625",
      "gpuUsage": null,
      "gpuMemoryUsage": null,
      "dataSetName": "pmdata",
      "speed": "0.14078165540912194records/sec",
      "numberOfJobRunning": "1",
      "timeOfRunning": "12:44:25.350718",
      "numberofRecordsProcessed": "6457",
      "jobType": "EXECUTION",
      "modelType": "FORECAST",
      "lossValue": "7.191487789154053",
      "jobStatus": "RUNNING"
    }
  ],
  "orderid": "1",
  "grafanaUrl": "https://167.254.204.64:32300/d/CijHdYGMk/pm_forcast_1"
}
