{
  "status": "success",
  "data": [
    {
      "uid": "600ae1c03e8b0501f7def10c",
      "scheduleId": "600ae19f589947000170987b",
      "scheduleName": "model1testing1",
      "jobStatus": "RUNNING",
      "jobType": "TRAINING",
      "modelConfigName": "model1",
      "modelType": "MODELI",
      "dataSetName": "alarm_data",
      "dataRange": "2021-01-05T22:32Z-2021-01-22T14:32Z",
      "progress": "95",
      "startTime": "2021-01-22T14:33Z",
      "timeUsed": "15 minutes, 20 seconds",
      "numberOfComponents": ["10", "5", "1", "5", "10"],
      "cpuUsage": "0.18",
      "cpuMemoryUsage": "0.5700206756591797",
      "gpuUsage": "",
      "gpuMemoryUsage": "",
      "accuracy": [
        0.13095073,
        0.16461031,
        0.22821416,
        0.23220673,
        0.2064491,
        0.26508996,
        0.30509883,
        0.32450718,
        0.32270497,
        0.33853662,
        0.3371503,
        0.33728895,
        0.34261236,
        0.30798236,
        0.29630965,
        0.27473867,
        0.2729642,
        0.280478,
        0.27554274,
        0.2841933
      ],
      "lossFunction": "mse",
      "loss": [
        0.62894064,
        0.26639053,
        0.26086885,
        0.25872424,
        0.2564258,
        0.2538836,
        0.25251046,
        0.2512271,
        0.2504899,
        0.24930632,
        0.2505286,
        0.24982388,
        0.24891521,
        0.24818884,
        0.24782313,
        0.246217,
        0.24540235,
        0.24420476,
        0.24430437,
        0.24287854
      ],
      "numberofObservation": "36067",
      "featureImportance": {
        "STLP3@LOS": "0.08165405280546698",
        "STLP2@LOS": "-2.3923027086893116",
        "RICP1@RTH": "0.6833147539697944",
        "RICP2@BER": "0.691053607703199",
        "HOUP3@LOF": "0.7500729204027726",
        "RICP1@LOS": "0.800157374701052",
        "HOUP3@POSH": "0.6879017836372305",
        "STLP1@LOS": "-0.6556476483407152",
        "HOUP4@BER": "0.3878875303578623",
        "HOUP2@LOA": "-1.034091666547351"
      },
      "fromTime": "2021-01-05T22:32Z",
      "toTime": "2021-01-22T14:32Z",
      "modelName": "model1testing1_2021-01-05T22:32Z_2021-01-22T14:32Z_MinMaxScaler_Anomalymodel1-model.hdf5",
      "scalerName": "model1testing1_2021-01-05T22:32Z_2021-01-22T14:32Z_MinMaxScaler_Anomalymodel1-scaler.p",
      "encoderName": "_LabelEncoder_encoder.p",
      "validationLoss": [
        "None",
        "None",
        "None",
        "None",
        "None",
        "None",
        "None",
        "None",
        "None",
        "None",
        "None",
        "None",
        "None",
        "None",
        "None",
        "None",
        "None",
        "None",
        "None",
        "None"
      ],
      "validatonAcurracy": [
        "None",
        "None",
        "None",
        "None",
        "None",
        "None",
        "None",
        "None",
        "None",
        "None",
        "None",
        "None",
        "None",
        "None",
        "None",
        "None",
        "None",
        "None",
        "None",
        "None"
      ]
    }
  ]
}
