{
    "status": "success",
    "data":
    [
    {
    "attribute": "Node ID",
    "value": "<=0.54325"
    },
    {
    "attribute": "Version Number Reason CBA OCt20202-3-53-lonng ",
    "value": "<=0.54325"
    },
    {
    "attribute": "Number of port",
    "value": "<=0.54325"
    },
    {
    "attribute": "Abnormal by 1506",
    "value": "<=0.54325"
    },
    {
    "attribute": "Abnormal by cv",
    "value": "<=0.54325"
    },
    {
    "attribute": "Abnormal Call dfde",
    "value": "<=0.54325"
    },
    {
    "attribute": "Abnormal Reaso a4t",
    "value": "<=0.54325"
    },
    {
    "attribute": "Abnormal Re",
    "value": "<=0.54325"
    },
    {
    "attribute": "Abnormal Reason Ab",
    "value": "<=0.54325"
    },
    {
    "attribute": "Abnormal Reason Abdd",
    "value": "<=0.54325"
    },
    {
    "attribute": "Abnormal Reason Abddddd",
    "value": "<=0.54325"
    },
    {
    "attribute": "Abnormal Reason Abddd",
    "value": "<=0.54325"
    },
    {
    "attribute": "Abnormal Reason Abdddss",
    "value": "<=0.54325"
    },
    {
    "attribute": "Abnormal Call Reason AB",
    "value": "<=0.54325"
    },
    {
    "attribute": "Abnormal Call Reason ABww",
    "value": "<=0.54325"
    },
    {
    "attribute": "Abnormal Call Reas",
    "value": "<=0.54325"
    },
    {
    "attribute": "Abnormal Call Reasa",
    "value": "<=0.54325"
    },
    {
    "attribute": "Abnormal Call ",
    "value": "<=0.54325"
    },
    {
    "attribute": "Abnormal Call ",
    "value": "<=0.54325"
    },
    {
    "attribute": "Abnormal Call ",
    "value": "<=0.54325"
    },
    {
    "attribute": "Abnormal Call ",
    "value": "<=0.54325"
    },
    {
    "attribute": "Abnormal Call ",
    "value": "<=0.54325"
    },
    {
    "attribute": "Abnormal Call sss",
    "value": "<=0.54325"
    },
    {
    "attribute": "Abnormal Call sss",
    "value": "<=0.54325"
    },
    {
    "attribute": "Abnormal Call sss",
    "value": "<=0.54325"
    },
    {
    "attribute": "Abnormal Call sssss",
    "value": "<=0.54325"
    },
    {
    "attribute": "Abnormal Call sssss",
    "value": "<=0.54325"
    },
    {
    "attribute": "Abnormal Call sssss",
    "value": "<=0.54325"
    },
    {
    "attribute": "Abnormal Call sssss",
    "value": "<=0.54325"
    },
    {
    "attribute": "Abnormal Call sssss",
    "value": "<=0.54325"
    }
    ]
}