{
    "status": "success",
    "data": {
      "data": [
        {
          "x": "2021-02-11T16:50:43Z",
          "column1": 0
        },
        {
          "x": "2021-02-11T16:50:38Z",
          "column1": 0
        },
        {
          "x": "2021-02-11T16:50:53Z",
          "column1": 1
        },
        {
          "x": "2021-02-11T16:50:48Z",
          "column1": 0
        },
        {
          "x": "2021-02-11T16:51:03Z",
          "column1": 1
        },
        {
          "x": "2021-02-11T16:50:58Z",
          "column1": 1
        },
        {
          "x": "2021-02-11T16:51:13Z",
          "column1": 1
        },
        {
          "x": "2021-02-11T16:51:08Z",
          "column1": 1
        },
        {
          "x": "2021-02-11T16:51:23Z",
          "column1": 1
        },
        {
          "x": "2021-02-11T16:51:18Z",
          "column1": 0
        },
        {
          "x": "2021-02-11T16:51:33Z",
          "column1": 1
        },
        {
          "x": "2021-02-11T16:51:28Z",
          "column1": 1
        },
        {
          "x": "2021-02-11T16:51:43Z",
          "column1": 0
        },
        {
          "x": "2021-02-11T16:51:38Z",
          "column1": 0
        },
        {
          "x": "2021-02-11T16:51:53Z",
          "column1": 0
        },
        {
          "x": "2021-02-11T16:51:48Z",
          "column1": 0
        },
        {
          "x": "2021-02-11T16:52:03Z",
          "column1": 1
        },
        {
          "x": "2021-02-11T16:51:58Z",
          "column1": 1
        },
        {
          "x": "2021-02-11T16:52:13Z",
          "column1": 1
        },
        {
          "x": "2021-02-11T16:52:08Z",
          "column1": 1
        },
        {
          "x": "2021-02-11T16:52:24Z",
          "column1": 1
        },
        {
          "x": "2021-02-11T16:52:18Z",
          "column1": 1
        },
        {
          "x": "2021-02-11T16:52:34Z",
          "column1": 1
        },
        {
          "x": "2021-02-11T16:52:29Z",
          "column1": 0
        },
        {
          "x": "2021-02-11T16:52:39Z",
          "column1": 0
        },
        {
          "x": "2021-02-11T16:52:49Z",
          "column1": 0
        },
        {
          "x": "2021-02-11T16:52:44Z",
          "column1": 1
        },
        {
          "x": "2021-02-11T16:52:59Z",
          "column1": 1
        },
        {
          "x": "2021-02-11T16:52:54Z",
          "column1": 0
        },
        {
          "x": "2021-02-11T16:53:09Z",
          "column1": 0
        },
        {
          "x": "2021-02-11T16:53:04Z",
          "column1": 1
        },
        {
          "x": "2021-02-11T16:53:19Z",
          "column1": 0
        },
        {
          "x": "2021-02-11T16:53:14Z",
          "column1": 0
        },
        {
          "x": "2021-02-11T16:53:29Z",
          "column1": 0
        },
        {
          "x": "2021-02-11T16:53:24Z",
          "column1": 1
        },
        {
          "x": "2021-02-11T16:53:39Z",
          "column1": 0
        },
        {
          "x": "2021-02-11T16:53:34Z",
          "column1": 0
        },
        {
          "x": "2021-02-11T16:53:49Z",
          "column1": 0
        },
        {
          "x": "2021-02-11T16:53:44Z",
          "column1": 0
        },
        {
          "x": "2021-02-11T16:53:59Z",
          "column1": 1
        },
        {
          "x": "2021-02-11T16:53:54Z",
          "column1": 1
        },
        {
          "x": "2021-02-11T16:54:09Z",
          "column1": 0
        },
        {
          "x": "2021-02-11T16:54:04Z",
          "column1": 1
        },
        {
          "x": "2021-02-11T16:54:20Z",
          "column1": 1
        },
        {
          "x": "2021-02-11T16:54:15Z",
          "column1": 1
        },
        {
          "x": "2021-02-11T16:54:30Z",
          "column1": 0
        },
        {
          "x": "2021-02-11T16:54:25Z",
          "column1": 1
        },
        {
          "x": "2021-02-11T16:54:40Z",
          "column1": 0
        },
        {
          "x": "2021-02-11T16:54:35Z",
          "column1": 1
        },
        {
          "x": "2021-02-11T16:54:50Z",
          "column1": 0
        },
        {
          "x": "2021-02-11T16:54:45Z",
          "column1": 0
        },
        {
          "x": "2021-02-11T16:55:00Z",
          "column1": 0
        },
        {
          "x": "2021-02-11T16:54:55Z",
          "column1": 0
        },
        {
          "x": "2021-02-11T16:55:10Z",
          "column1": 1
        },
        {
          "x": "2021-02-11T16:55:05Z",
          "column1": 0
        },
        {
          "x": "2021-02-11T16:55:20Z",
          "column1": 1
        },
        {
          "x": "2021-02-11T16:55:15Z",
          "column1": 0
        },
        {
          "x": "2021-02-11T16:55:30Z",
          "column1": 0
        },
        {
          "x": "2021-02-11T16:55:25Z",
          "column1": 0
        },
        {
          "x": "2021-02-11T16:55:40Z",
          "column1": 0
        },
        {
          "x": "2021-02-11T16:55:35Z",
          "column1": 0
        },
        {
          "x": "2021-02-11T16:55:50Z",
          "column1": 0
        },
        {
          "x": "2021-02-11T16:55:45Z",
          "column1": 1
        },
        {
          "x": "2021-02-11T16:56:00Z",
          "column1": 0
        },
        {
          "x": "2021-02-11T16:55:55Z",
          "column1": 1
        },
        {
          "x": "2021-02-11T16:56:10Z",
          "column1": 0
        },
        {
          "x": "2021-02-11T16:56:05Z",
          "column1": 0
        },
        {
          "x": "2021-02-11T16:56:20Z",
          "column1": 1
        },
        {
          "x": "2021-02-11T16:56:15Z",
          "column1": 1
        },
        {
          "x": "2021-02-11T16:56:30Z",
          "column1": 1
        },
        {
          "x": "2021-02-11T16:56:25Z",
          "column1": 1
        },
        {
          "x": "2021-02-11T16:56:41Z",
          "column1": 1
        },
        {
          "x": "2021-02-11T16:56:36Z",
          "column1": 1
        },
        {
          "x": "2021-02-11T16:47:09Z",
          "column1": 1
        },
        {
          "x": "2021-02-11T16:47:20Z",
          "column1": 0
        },
        {
          "x": "2021-02-11T16:47:15Z",
          "column1": 1
        },
        {
          "x": "2021-02-11T16:47:30Z",
          "column1": 1
        },
        {
          "x": "2021-02-11T16:47:25Z",
          "column1": 0
        },
        {
          "x": "2021-02-11T16:47:40Z",
          "column1": 0
        },
        {
          "x": "2021-02-11T16:47:35Z",
          "column1": 0
        },
        {
          "x": "2021-02-11T16:47:50Z",
          "column1": 1
        },
        {
          "x": "2021-02-11T16:47:45Z",
          "column1": 1
        },
        {
          "x": "2021-02-11T16:48:00Z",
          "column1": 0
        },
        {
          "x": "2021-02-11T16:47:55Z",
          "column1": 0
        },
        {
          "x": "2021-02-11T16:48:10Z",
          "column1": 1
        },
        {
          "x": "2021-02-11T16:48:05Z",
          "column1": 0
        },
        {
          "x": "2021-02-11T16:48:20Z",
          "column1": 0
        },
        {
          "x": "2021-02-11T16:48:15Z",
          "column1": 0
        },
        {
          "x": "2021-02-11T16:48:30Z",
          "column1": 1
        },
        {
          "x": "2021-02-11T16:48:25Z",
          "column1": 0
        },
        {
          "x": "2021-02-11T16:48:41Z",
          "column1": 0
        },
        {
          "x": "2021-02-11T16:48:35Z",
          "column1": 0
        },
        {
          "x": "2021-02-11T16:48:51Z",
          "column1": 0
        },
        {
          "x": "2021-02-11T16:48:46Z",
          "column1": 0
        },
        {
          "x": "2021-02-11T16:49:01Z",
          "column1": 0
        },
        {
          "x": "2021-02-11T16:48:56Z",
          "column1": 0
        },
        {
          "x": "2021-02-11T16:49:11Z",
          "column1": 1
        },
        {
          "x": "2021-02-11T16:49:06Z",
          "column1": 0
        },
        {
          "x": "2021-02-11T16:49:21Z",
          "column1": 1
        },
        {
          "x": "2021-02-11T16:49:16Z",
          "column1": 1
        },
        {
          "x": "2021-02-11T16:49:31Z",
          "column1": 0
        },
        {
          "x": "2021-02-11T16:49:26Z",
          "column1": 1
        },
        {
          "x": "2021-02-11T16:49:42Z",
          "column1": 0
        },
        {
          "x": "2021-02-11T16:49:37Z",
          "column1": 0
        },
        {
          "x": "2021-02-11T16:49:52Z",
          "column1": 0
        },
        {
          "x": "2021-02-11T16:49:47Z",
          "column1": 1
        },
        {
          "x": "2021-02-11T16:50:03Z",
          "column1": 0
        },
        {
          "x": "2021-02-11T16:49:58Z",
          "column1": 0
        },
        {
          "x": "2021-02-11T16:57:21Z",
          "column1": 1
        },
        {
          "x": "2021-02-11T16:57:16Z",
          "column1": 0
        },
        {
          "x": "2021-02-11T16:57:31Z",
          "column1": 1
        },
        {
          "x": "2021-02-11T16:57:26Z",
          "column1": 0
        },
        {
          "x": "2021-02-11T16:57:41Z",
          "column1": 0
        },
        {
          "x": "2021-02-11T16:57:36Z",
          "column1": 1
        },
        {
          "x": "2021-02-11T16:57:51Z",
          "column1": 0
        },
        {
          "x": "2021-02-11T16:57:46Z",
          "column1": 0
        },
        {
          "x": "2021-02-11T16:58:01Z",
          "column1": 0
        },
        {
          "x": "2021-02-11T16:57:56Z",
          "column1": 1
        },
        {
          "x": "2021-02-11T16:58:11Z",
          "column1": 1
        },
        {
          "x": "2021-02-11T16:58:06Z",
          "column1": 0
        },
        {
          "x": "2021-02-11T16:58:21Z",
          "column1": 0
        },
        {
          "x": "2021-02-11T16:58:16Z",
          "column1": 0
        },
        {
          "x": "2021-02-11T16:58:31Z",
          "column1": 0
        },
        {
          "x": "2021-02-11T16:58:26Z",
          "column1": 0
        },
        {
          "x": "2021-02-11T16:58:41Z",
          "column1": 0
        },
        {
          "x": "2021-02-11T16:58:36Z",
          "column1": 0
        },
        {
          "x": "2021-02-11T16:58:52Z",
          "column1": 0
        },
        {
          "x": "2021-02-11T16:58:46Z",
          "column1": 1
        },
        {
          "x": "2021-02-11T16:59:02Z",
          "column1": 0
        },
        {
          "x": "2021-02-11T16:58:57Z",
          "column1": 0
        },
        {
          "x": "2021-02-11T16:56:51Z",
          "column1": 1
        },
        {
          "x": "2021-02-11T16:56:46Z",
          "column1": 0
        },
        {
          "x": "2021-02-11T16:57:01Z",
          "column1": 1
        },
        {
          "x": "2021-02-11T16:56:56Z",
          "column1": 1
        },
        {
          "x": "2021-02-11T16:50:13Z",
          "column1": 1
        },
        {
          "x": "2021-02-11T16:50:08Z",
          "column1": 0
        },
        {
          "x": "2021-02-11T16:50:23Z",
          "column1": 1
        },
        {
          "x": "2021-02-11T16:50:18Z",
          "column1": 1
        },
        {
          "x": "2021-02-11T16:57:11Z",
          "column1": 1
        },
        {
          "x": "2021-02-11T16:57:06Z",
          "column1": 1
        },
        {
          "x": "2021-02-11T16:50:33Z",
          "column1": 1
        },
        {
          "x": "2021-02-11T16:50:28Z",
          "column1": 1
        },
        {
          "x": "2021-02-11T02:53:58Z",
          "column1": 1
        },
        {
          "x": "2021-02-11T02:57:49Z",
          "column1": 1
        },
        {
          "x": "2021-02-11T02:59:07Z",
          "column1": 1
        },
        {
          "x": "2021-02-11T02:59:06Z",
          "column1": 1
        },
        {
          "x": "2021-02-11T03:00:14Z",
          "column1": 1
        },
        {
          "x": "2021-02-11T03:00:14Z",
          "column1": 1
        },
        {
          "x": "2021-02-11T03:00:14Z",
          "column1": 1
        },
        {
          "x": "2021-02-11T03:00:14Z",
          "column1": 0
        },
        {
          "x": "2021-02-11T03:00:14Z",
          "column1": 0
        },
        {
          "x": "2021-02-11T03:00:14Z",
          "column1": 0
        },
        {
          "x": "2021-02-11T03:00:14Z",
          "column1": 0
        },
        {
          "x": "2021-02-11T03:00:14Z",
          "column1": 1
        },
        {
          "x": "2021-02-11T03:00:14Z",
          "column1": 1
        },
        {
          "x": "2021-02-11T03:00:14Z",
          "column1": 1
        },
        {
          "x": "2021-02-11T03:00:13Z",
          "column1": 0
        },
        {
          "x": "2021-02-11T03:00:13Z",
          "column1": 1
        },
        {
          "x": "2021-02-11T03:00:13Z",
          "column1": 1
        },
        {
          "x": "2021-02-11T03:00:13Z",
          "column1": 1
        },
        {
          "x": "2021-02-11T03:00:13Z",
          "column1": 1
        },
        {
          "x": "2021-02-11T03:00:13Z",
          "column1": 1
        },
        {
          "x": "2021-02-11T03:00:13Z",
          "column1": 0
        },
        {
          "x": "2021-02-11T03:00:13Z",
          "column1": 0
        },
        {
          "x": "2021-02-11T03:00:12Z",
          "column1": 0
        },
        {
          "x": "2021-02-11T03:00:12Z",
          "column1": 1
        },
        {
          "x": "2021-02-11T03:00:12Z",
          "column1": 1
        },
        {
          "x": "2021-02-11T03:00:12Z",
          "column1": 1
        },
        {
          "x": "2021-02-11T03:00:12Z",
          "column1": 1
        },
        {
          "x": "2021-02-11T03:00:11Z",
          "column1": 1
        },
        {
          "x": "2021-02-11T03:00:11Z",
          "column1": 0
        },
        {
          "x": "2021-02-11T03:00:11Z",
          "column1": 0
        },
        {
          "x": "2021-02-11T03:00:11Z",
          "column1": 0
        },
        {
          "x": "2021-02-11T03:00:11Z",
          "column1": 0
        },
        {
          "x": "2021-02-11T03:00:11Z",
          "column1": 1
        },
        {
          "x": "2021-02-11T03:00:11Z",
          "column1": 0
        },
        {
          "x": "2021-02-11T03:00:11Z",
          "column1": 0
        },
        {
          "x": "2021-02-11T03:00:11Z",
          "column1": 0
        },
        {
          "x": "2021-02-11T03:00:11Z",
          "column1": 1
        },
        {
          "x": "2021-02-11T03:00:11Z",
          "column1": 1
        },
        {
          "x": "2021-02-11T03:00:11Z",
          "column1": 1
        },
        {
          "x": "2021-02-11T03:00:10Z",
          "column1": 1
        },
        {
          "x": "2021-02-11T03:00:10Z",
          "column1": 0
        },
        {
          "x": "2021-02-11T03:00:10Z",
          "column1": 0
        },
        {
          "x": "2021-02-11T03:00:10Z",
          "column1": 0
        },
        {
          "x": "2021-02-11T03:00:10Z",
          "column1": 0
        },
        {
          "x": "2021-02-11T03:00:10Z",
          "column1": 0
        },
        {
          "x": "2021-02-11T03:00:10Z",
          "column1": 0
        },
        {
          "x": "2021-02-11T03:00:10Z",
          "column1": 0
        },
        {
          "x": "2021-02-11T03:00:10Z",
          "column1": 1
        },
        {
          "x": "2021-02-11T03:00:10Z",
          "column1": 0
        },
        {
          "x": "2021-02-11T03:00:10Z",
          "column1": 0
        },
        {
          "x": "2021-02-11T03:00:10Z",
          "column1": 0
        },
        {
          "x": "2021-02-11T03:00:10Z",
          "column1": 1
        },
        {
          "x": "2021-02-11T03:00:10Z",
          "column1": 0
        },
        {
          "x": "2021-02-11T03:00:10Z",
          "column1": 0
        },
        {
          "x": "2021-02-11T03:00:10Z",
          "column1": 0
        },
        {
          "x": "2021-02-11T03:00:10Z",
          "column1": 1
        },
        {
          "x": "2021-02-11T03:00:10Z",
          "column1": 1
        },
        {
          "x": "2021-02-11T03:00:10Z",
          "column1": 0
        },
        {
          "x": "2021-02-11T03:00:09Z",
          "column1": 0
        },
        {
          "x": "2021-02-11T03:00:09Z",
          "column1": 1
        },
        {
          "x": "2021-02-11T03:00:09Z",
          "column1": 0
        },
        {
          "x": "2021-02-11T03:00:08Z",
          "column1": 0
        },
        {
          "x": "2021-02-11T03:00:08Z",
          "column1": 1
        },
        {
          "x": "2021-02-11T03:00:07Z",
          "column1": 1
        },
        {
          "x": "2021-02-11T03:01:10Z",
          "column1": 1
        },
        {
          "x": "2021-02-11T03:01:21Z",
          "column1": 0
        },
        {
          "x": "2021-02-11T03:01:16Z",
          "column1": 1
        },
        {
          "x": "2021-02-11T03:01:31Z",
          "column1": 1
        },
        {
          "x": "2021-02-11T03:01:26Z",
          "column1": 0
        },
        {
          "x": "2021-02-11T03:01:41Z",
          "column1": 0
        },
        {
          "x": "2021-02-11T03:01:36Z",
          "column1": 0
        },
        {
          "x": "2021-02-11T03:01:52Z",
          "column1": 1
        },
        {
          "x": "2021-02-11T03:01:47Z",
          "column1": 1
        },
        {
          "x": "2021-02-11T03:02:02Z",
          "column1": 0
        },
        {
          "x": "2021-02-11T03:01:57Z",
          "column1": 0
        },
        {
          "x": "2021-02-11T03:02:12Z",
          "column1": 1
        },
        {
          "x": "2021-02-11T03:02:07Z",
          "column1": 0
        },
        {
          "x": "2021-02-11T03:02:22Z",
          "column1": 0
        },
        {
          "x": "2021-02-11T03:02:17Z",
          "column1": 0
        },
        {
          "x": "2021-02-11T03:02:32Z",
          "column1": 1
        },
        {
          "x": "2021-02-11T03:02:27Z",
          "column1": 0
        },
        {
          "x": "2021-02-11T03:02:42Z",
          "column1": 0
        },
        {
          "x": "2021-02-11T03:02:37Z",
          "column1": 0
        },
        {
          "x": "2021-02-11T03:02:52Z",
          "column1": 0
        },
        {
          "x": "2021-02-11T03:02:47Z",
          "column1": 0
        },
        {
          "x": "2021-02-11T03:03:02Z",
          "column1": 0
        },
        {
          "x": "2021-02-11T03:02:57Z",
          "column1": 0
        },
        {
          "x": "2021-02-11T03:03:12Z",
          "column1": 1
        },
        {
          "x": "2021-02-11T03:03:07Z",
          "column1": 0
        },
        {
          "x": "2021-02-11T03:03:17Z",
          "column1": 1
        },
        {
          "x": "2021-02-11T17:47:42Z",
          "column1": 1
        },
        {
          "x": "2021-02-11T17:47:37Z",
          "column1": 1
        },
        {
          "x": "2021-02-11T17:47:52Z",
          "column1": 0
        },
        {
          "x": "2021-02-11T17:47:47Z",
          "column1": 0
        },
        {
          "x": "2021-02-11T17:48:03Z",
          "column1": 1
        },
        {
          "x": "2021-02-11T17:47:57Z",
          "column1": 1
        },
        {
          "x": "2021-02-11T17:48:13Z",
          "column1": 0
        },
        {
          "x": "2021-02-11T17:48:08Z",
          "column1": 0
        },
        {
          "x": "2021-02-11T17:48:23Z",
          "column1": 0
        },
        {
          "x": "2021-02-11T17:48:18Z",
          "column1": 0
        },
        {
          "x": "2021-02-11T17:48:33Z",
          "column1": 0
        },
        {
          "x": "2021-02-11T17:48:28Z",
          "column1": 0
        },
        {
          "x": "2021-02-11T17:48:43Z",
          "column1": 1
        },
        {
          "x": "2021-02-11T17:48:38Z",
          "column1": 0
        },
        {
          "x": "2021-02-11T17:48:53Z",
          "column1": 1
        },
        {
          "x": "2021-02-11T17:48:48Z",
          "column1": 0
        },
        {
          "x": "2021-02-11T17:49:03Z",
          "column1": 0
        },
        {
          "x": "2021-02-11T17:48:58Z",
          "column1": 0
        },
        {
          "x": "2021-02-11T17:49:13Z",
          "column1": 0
        },
        {
          "x": "2021-02-11T17:49:08Z",
          "column1": 0
        },
        {
          "x": "2021-02-11T17:49:23Z",
          "column1": 0
        },
        {
          "x": "2021-02-11T17:49:18Z",
          "column1": 1
        },
        {
          "x": "2021-02-11T17:49:33Z",
          "column1": 0
        },
        {
          "x": "2021-02-11T17:49:28Z",
          "column1": 0
        },
        {
          "x": "2021-02-11T17:49:43Z",
          "column1": 1
        },
        {
          "x": "2021-02-11T17:49:38Z",
          "column1": 0
        },
        {
          "x": "2021-02-11T17:49:53Z",
          "column1": 0
        },
        {
          "x": "2021-02-11T17:49:48Z",
          "column1": 0
        },
        {
          "x": "2021-02-11T17:50:03Z",
          "column1": 1
        },
        {
          "x": "2021-02-11T17:49:58Z",
          "column1": 1
        },
        {
          "x": "2021-02-11T16:59:22Z",
          "column1": 0
        },
        {
          "x": "2021-02-11T16:59:17Z",
          "column1": 1
        },
        {
          "x": "2021-02-11T16:59:32Z",
          "column1": 1
        },
        {
          "x": "2021-02-11T16:59:27Z",
          "column1": 1
        },
        {
          "x": "2021-02-11T17:47:12Z",
          "column1": 1
        },
        {
          "x": "2021-02-11T17:47:07Z",
          "column1": 0
        },
        {
          "x": "2021-02-11T16:59:12Z",
          "column1": 1
        },
        {
          "x": "2021-02-11T16:59:07Z",
          "column1": 0
        },
        {
          "x": "2021-02-11T17:47:32Z",
          "column1": 1
        },
        {
          "x": "2021-02-11T17:47:27Z",
          "column1": 1
        },
        {
          "x": "2021-02-11T17:50:13Z",
          "column1": 0
        },
        {
          "x": "2021-02-11T17:50:08Z",
          "column1": 0
        },
        {
          "x": "2021-02-11T17:47:22Z",
          "column1": 0
        },
        {
          "x": "2021-02-11T17:47:17Z",
          "column1": 1
        },
        {
          "x": "2021-02-11T17:56:41Z",
          "column1": 1
        },
        {
          "x": "2021-02-11T17:56:36Z",
          "column1": 0
        },
        {
          "x": "2021-02-11T17:56:51Z",
          "column1": 0
        },
        {
          "x": "2021-02-11T17:56:46Z",
          "column1": 0
        },
        {
          "x": "2021-02-11T17:57:01Z",
          "column1": 0
        },
        {
          "x": "2021-02-11T17:56:56Z",
          "column1": 1
        },
        {
          "x": "2021-02-11T17:57:11Z",
          "column1": 1
        },
        {
          "x": "2021-02-11T17:57:06Z",
          "column1": 1
        },
        {
          "x": "2021-02-11T17:57:21Z",
          "column1": 1
        },
        {
          "x": "2021-02-11T17:57:16Z",
          "column1": 1
        },
        {
          "x": "2021-02-11T17:57:31Z",
          "column1": 0
        },
        {
          "x": "2021-02-11T17:57:26Z",
          "column1": 0
        },
        {
          "x": "2021-02-11T17:57:41Z",
          "column1": 0
        },
        {
          "x": "2021-02-11T17:57:36Z",
          "column1": 1
        },
        {
          "x": "2021-02-11T17:57:52Z",
          "column1": 1
        },
        {
          "x": "2021-02-11T17:57:47Z",
          "column1": 1
        },
        {
          "x": "2021-02-11T17:58:02Z",
          "column1": 1
        },
        {
          "x": "2021-02-11T17:57:57Z",
          "column1": 0
        },
        {
          "x": "2021-02-11T17:58:12Z",
          "column1": 0
        },
        {
          "x": "2021-02-11T17:58:07Z",
          "column1": 1
        },
        {
          "x": "2021-02-11T17:58:22Z",
          "column1": 0
        },
        {
          "x": "2021-02-11T17:58:17Z",
          "column1": 1
        },
        {
          "x": "2021-02-11T17:58:32Z",
          "column1": 1
        },
        {
          "x": "2021-02-11T17:58:27Z",
          "column1": 1
        },
        {
          "x": "2021-02-11T17:58:42Z",
          "column1": 1
        },
        {
          "x": "2021-02-11T17:58:37Z",
          "column1": 1
        },
        {
          "x": "2021-02-11T17:58:52Z",
          "column1": 0
        },
        {
          "x": "2021-02-11T17:58:47Z",
          "column1": 1
        },
        {
          "x": "2021-02-11T17:59:02Z",
          "column1": 0
        },
        {
          "x": "2021-02-11T17:58:57Z",
          "column1": 1
        },
        {
          "x": "2021-02-11T17:59:08Z",
          "column1": 0
        },
        {
          "x": "2021-02-11T17:59:19Z",
          "column1": 0
        },
        {
          "x": "2021-02-11T17:59:13Z",
          "column1": 0
        },
        {
          "x": "2021-02-11T17:59:29Z",
          "column1": 0
        },
        {
          "x": "2021-02-11T17:59:24Z",
          "column1": 1
        },
        {
          "x": "2021-02-11T17:59:39Z",
          "column1": 1
        },
        {
          "x": "2021-02-11T17:59:34Z",
          "column1": 0
        },
        {
          "x": "2021-02-11T17:59:49Z",
          "column1": 0
        },
        {
          "x": "2021-02-11T17:59:44Z",
          "column1": 0
        },
        {
          "x": "2021-02-11T17:59:59Z",
          "column1": 0
        },
        {
          "x": "2021-02-11T17:59:54Z",
          "column1": 0
        },
        {
          "x": "2021-02-11T18:00:09Z",
          "column1": 0
        },
        {
          "x": "2021-02-11T18:00:04Z",
          "column1": 0
        },
        {
          "x": "2021-02-11T18:00:19Z",
          "column1": 0
        },
        {
          "x": "2021-02-11T18:00:14Z",
          "column1": 1
        },
        {
          "x": "2021-02-11T18:00:29Z",
          "column1": 1
        },
        {
          "x": "2021-02-11T18:00:24Z",
          "column1": 0
        },
        {
          "x": "2021-02-11T18:00:39Z",
          "column1": 0
        },
        {
          "x": "2021-02-11T18:00:34Z",
          "column1": 1
        },
        {
          "x": "2021-02-11T18:00:49Z",
          "column1": 1
        },
        {
          "x": "2021-02-11T18:00:44Z",
          "column1": 0
        },
        {
          "x": "2021-02-11T18:00:59Z",
          "column1": 1
        },
        {
          "x": "2021-02-11T18:00:54Z",
          "column1": 0
        },
        {
          "x": "2021-02-11T18:01:09Z",
          "column1": 0
        },
        {
          "x": "2021-02-11T18:01:04Z",
          "column1": 0
        },
        {
          "x": "2021-02-11T18:01:20Z",
          "column1": 1
        },
        {
          "x": "2021-02-11T18:01:14Z",
          "column1": 1
        },
        {
          "x": "2021-02-11T18:01:30Z",
          "column1": 0
        },
        {
          "x": "2021-02-11T18:01:25Z",
          "column1": 0
        },
        {
          "x": "2021-02-11T18:01:40Z",
          "column1": 1
        },
        {
          "x": "2021-02-11T18:01:35Z",
          "column1": 1
        },
        {
          "x": "2021-02-11T18:01:50Z",
          "column1": 1
        },
        {
          "x": "2021-02-11T18:01:45Z",
          "column1": 0
        },
        {
          "x": "2021-02-11T18:02:00Z",
          "column1": 1
        },
        {
          "x": "2021-02-11T18:01:55Z",
          "column1": 0
        },
        {
          "x": "2021-02-11T18:02:10Z",
          "column1": 1
        },
        {
          "x": "2021-02-11T18:02:05Z",
          "column1": 0
        },
        {
          "x": "2021-02-11T18:02:20Z",
          "column1": 1
        },
        {
          "x": "2021-02-11T18:02:15Z",
          "column1": 0
        },
        {
          "x": "2021-02-11T18:02:30Z",
          "column1": 0
        },
        {
          "x": "2021-02-11T18:02:25Z",
          "column1": 0
        },
        {
          "x": "2021-02-11T18:02:40Z",
          "column1": 0
        },
        {
          "x": "2021-02-11T18:02:35Z",
          "column1": 0
        },
        {
          "x": "2021-02-11T18:02:50Z",
          "column1": 0
        },
        {
          "x": "2021-02-11T18:02:45Z",
          "column1": 1
        },
        {
          "x": "2021-02-11T18:03:00Z",
          "column1": 1
        },
        {
          "x": "2021-02-11T18:02:55Z",
          "column1": 0
        },
        {
          "x": "2021-02-11T18:03:10Z",
          "column1": 1
        },
        {
          "x": "2021-02-11T18:03:05Z",
          "column1": 1
        },
        {
          "x": "2021-02-11T18:03:20Z",
          "column1": 1
        },
        {
          "x": "2021-02-11T18:03:15Z",
          "column1": 1
        },
        {
          "x": "2021-02-11T18:03:30Z",
          "column1": 1
        },
        {
          "x": "2021-02-11T18:03:25Z",
          "column1": 0
        },
        {
          "x": "2021-02-11T18:03:41Z",
          "column1": 1
        },
        {
          "x": "2021-02-11T18:03:35Z",
          "column1": 1
        },
        {
          "x": "2021-02-11T18:03:51Z",
          "column1": 0
        },
        {
          "x": "2021-02-11T18:03:46Z",
          "column1": 0
        },
        {
          "x": "2021-02-11T18:04:01Z",
          "column1": 0
        },
        {
          "x": "2021-02-11T18:03:56Z",
          "column1": 0
        },
        {
          "x": "2021-02-11T18:04:11Z",
          "column1": 0
        },
        {
          "x": "2021-02-11T18:04:06Z",
          "column1": 1
        },
        {
          "x": "2021-02-11T18:04:21Z",
          "column1": 1
        },
        {
          "x": "2021-02-11T18:04:16Z",
          "column1": 0
        },
        {
          "x": "2021-02-11T18:04:31Z",
          "column1": 0
        },
        {
          "x": "2021-02-11T18:04:26Z",
          "column1": 1
        },
        {
          "x": "2021-02-11T18:04:41Z",
          "column1": 1
        },
        {
          "x": "2021-02-11T18:04:36Z",
          "column1": 0
        },
        {
          "x": "2021-02-11T18:04:51Z",
          "column1": 1
        },
        {
          "x": "2021-02-11T18:04:46Z",
          "column1": 1
        },
        {
          "x": "2021-02-11T18:05:01Z",
          "column1": 1
        },
        {
          "x": "2021-02-11T18:04:56Z",
          "column1": 1
        },
        {
          "x": "2021-02-11T18:05:11Z",
          "column1": 0
        },
        {
          "x": "2021-02-11T18:05:06Z",
          "column1": 1
        },
        {
          "x": "2021-02-11T18:05:21Z",
          "column1": 1
        },
        {
          "x": "2021-02-11T18:05:16Z",
          "column1": 0
        },
        {
          "x": "2021-02-11T18:05:31Z",
          "column1": 0
        },
        {
          "x": "2021-02-11T18:05:26Z",
          "column1": 1
        },
        {
          "x": "2021-02-11T18:05:41Z",
          "column1": 1
        },
        {
          "x": "2021-02-11T18:05:36Z",
          "column1": 1
        },
        {
          "x": "2021-02-11T18:05:51Z",
          "column1": 1
        },
        {
          "x": "2021-02-11T18:05:46Z",
          "column1": 1
        },
        {
          "x": "2021-02-11T18:06:02Z",
          "column1": 0
        },
        {
          "x": "2021-02-11T18:05:57Z",
          "column1": 0
        },
        {
          "x": "2021-02-11T18:06:12Z",
          "column1": 1
        },
        {
          "x": "2021-02-11T18:06:07Z",
          "column1": 0
        },
        {
          "x": "2021-02-11T18:06:22Z",
          "column1": 1
        },
        {
          "x": "2021-02-11T18:06:17Z",
          "column1": 0
        },
        {
          "x": "2021-02-11T18:06:32Z",
          "column1": 0
        },
        {
          "x": "2021-02-11T18:06:27Z",
          "column1": 0
        },
        {
          "x": "2021-02-11T18:06:42Z",
          "column1": 0
        },
        {
          "x": "2021-02-11T18:06:37Z",
          "column1": 1
        },
        {
          "x": "2021-02-11T18:06:52Z",
          "column1": 1
        },
        {
          "x": "2021-02-11T18:06:47Z",
          "column1": 1
        },
        {
          "x": "2021-02-11T18:07:02Z",
          "column1": 0
        },
        {
          "x": "2021-02-11T18:06:57Z",
          "column1": 1
        },
        {
          "x": "2021-02-11T18:07:12Z",
          "column1": 1
        },
        {
          "x": "2021-02-11T18:07:07Z",
          "column1": 0
        },
        {
          "x": "2021-02-11T17:50:39Z",
          "column1": 0
        },
        {
          "x": "2021-02-11T17:50:34Z",
          "column1": 0
        },
        {
          "x": "2021-02-11T17:50:49Z",
          "column1": 0
        },
        {
          "x": "2021-02-11T17:50:44Z",
          "column1": 0
        },
        {
          "x": "2021-02-11T17:50:59Z",
          "column1": 0
        },
        {
          "x": "2021-02-11T17:50:54Z",
          "column1": 1
        },
        {
          "x": "2021-02-11T17:51:09Z",
          "column1": 0
        },
        {
          "x": "2021-02-11T17:51:04Z",
          "column1": 1
        },
        {
          "x": "2021-02-11T17:51:19Z",
          "column1": 1
        },
        {
          "x": "2021-02-11T17:51:14Z",
          "column1": 0
        },
        {
          "x": "2021-02-11T17:51:29Z",
          "column1": 1
        },
        {
          "x": "2021-02-11T17:51:24Z",
          "column1": 0
        },
        {
          "x": "2021-02-11T17:51:39Z",
          "column1": 1
        },
        {
          "x": "2021-02-11T17:51:34Z",
          "column1": 0
        },
        {
          "x": "2021-02-11T17:51:49Z",
          "column1": 1
        },
        {
          "x": "2021-02-11T17:51:44Z",
          "column1": 0
        },
        {
          "x": "2021-02-11T17:51:59Z",
          "column1": 1
        },
        {
          "x": "2021-02-11T17:51:54Z",
          "column1": 1
        },
        {
          "x": "2021-02-11T17:52:09Z",
          "column1": 1
        },
        {
          "x": "2021-02-11T17:52:04Z",
          "column1": 1
        },
        {
          "x": "2021-02-11T17:52:19Z",
          "column1": 0
        },
        {
          "x": "2021-02-11T17:52:14Z",
          "column1": 1
        },
        {
          "x": "2021-02-11T17:52:29Z",
          "column1": 1
        },
        {
          "x": "2021-02-11T17:52:24Z",
          "column1": 1
        },
        {
          "x": "2021-02-11T17:52:39Z",
          "column1": 0
        },
        {
          "x": "2021-02-11T17:52:34Z",
          "column1": 0
        },
        {
          "x": "2021-02-11T17:52:50Z",
          "column1": 1
        }
      ],
      "status": 200
    }
  }