{
  "status": "success",
  "data": {
    "id": "60041eb5ca60be0001b048ff",
    "schedule_name": "training2",
    "schedule_id": "60041eb5ca60be0001b048ff",
    "job_type": "TRAINING",
    "schedule_status": "COMPLETED",
    "job_status": "ACTIVE",
    "schedule_from": "2021-01-17 00:29:00 UTC",
    "schedule_to": "2021-01-17 00:29:00 UTC",
    "created_ts": 1610882741915,
    "schedule_day": "",
    "recur_on": "ONETIME",
    "no_of_recurrence": 0,
    "last_run": 1610882940000,
    "next_run": 1610929740000,
    "data": {
      "modelType": "MODELII",
      "dataSetName": "alarm_data",
      "modelConfigName": "model1",
      "dataRange": 56,
      "frequency": "hours",
      "schedule_from": "2021-01-17 00:29:00 UTC"
    }
  }
}
